tax_id,tax_level,genus_tax_id,name,common_name,category,is_phage,agg_score,max_z_score,nt_z_score,nt_rpm,nt_count,nt_contigs,nt_contig_r,nt_percent_identity,nt_alignment_length,nt_e_value,nt_bg_mean,nt_bg_stdev,nt_bg_mean_mass_normalized,nt_bg_stdev_mass_normalized,nr_z_score,nr_rpm,nr_count,nr_contigs,nr_contig_r,nr_percent_identity,nr_alignment_length,nr_e_value,nr_bg_mean,nr_bg_stdev,nr_bg_mean_mass_normalized,nr_bg_stdev_mass_normalized,species_tax_ids,known_pathogen
3041089,2,3041089,Paraflavisolibacter,"",bacteria,false,,,,,,,,,,,,,,,,0.18579869937194465,1,,,59.2,49.0,10^-9.2161,,,,,[2982496],0
2982496,1,3041089,Paraflavisolibacter caeni,"",bacteria,false,,,,,,,,,,,,,,,,0.18579869937194465,1,,,59.2,49.0,10^-9.2161,,,,,,0
2976759,2,2976759,Capillimicrobium,"",bacteria,false,,,,0.557396098115834,3,,,90.542,143.0,10^-66.522,,,,,,,,,,,,,,,,,[2884022],0
2884022,1,2976759,Capillimicrobium parvum,"",bacteria,false,,,,0.557396098115834,3,,,90.542,143.0,10^-66.522,,,,,,,,,,,,,,,,,,0
2946607,2,2946607,Neotabrizicola,"",bacteria,false,,,,0.18579869937194465,1,,,83.929,56.0,10^-13.4065,,,,,,,,,,,,,,,,,[2807096],0
2807096,1,2946607,Neotabrizicola shimadae,"",bacteria,false,,,,0.18579869937194465,1,,,83.929,56.0,10^-13.4065,,,,,,,,,,,,,,,,,,0
2901164,2,2901164,Stutzerimonas,"",bacteria,false,,,,2.229584392463336,12,,,99.75,120.875,10^-69.4587,,,,,,2.4153830918352805,13,,,99.0889,42.6667,10^-18.8623,,,,,"[1211807, 638269, 316]",0
1211807,1,2901164,Stutzerimonas kunmingensis,"",bacteria,false,,,,,,,,,,,,,,,,0.18579869937194465,1,,,100.0,25.0,10^-6.6073,,,,,,0
638269,1,2901164,Stutzerimonas urumqiensis,"",bacteria,false,,,,,,,,,,,,,,,,0.3715973987438893,2,,,97.9,47.5,10^-19.3323,,,,,,0
316,1,2901164,Stutzerimonas stutzeri,"",bacteria,false,,,,2.229584392463336,12,,,99.75,120.875,10^-69.4587,,,,,,1.8579869937194466,10,,,99.3333,44.0,10^-20.7481,,,,,,0
2893576,2,2893576,Allosaccharopolyspora,"",bacteria,false,,,,,,,,,,,,,,,,0.18579869937194465,1,,,85.1,47.0,10^-16.5406,,,,,[2665642],0
2665642,1,2893576,Allosaccharopolyspora coralli,"",bacteria,false,,,,,,,,,,,,,,,,0.18579869937194465,1,,,85.1,47.0,10^-16.5406,,,,,,0
2892396,2,2892396,Vescimonas,"",bacteria,false,,,,0.18579869937194465,1,,,86.301,146.0,10^-58.2786,,,,,,,,,,,,,,,,,[2714355],0
2714355,1,2892396,Vescimonas coprocola,"",bacteria,false,,,,0.18579869937194465,1,,,86.301,146.0,10^-58.2786,,,,,,,,,,,,,,,,,,0
2853332,2,2853332,Peteryoungia,"",bacteria,false,,,,0.18579869937194465,1,,,90.566,53.0,10^-16.8614,,,,,,,,,,,,,,,,,[1813451],0
1813451,1,2853332,Peteryoungia desertarenae,"",bacteria,false,,,,0.18579869937194465,1,,,90.566,53.0,10^-16.8614,,,,,,,,,,,,,,,,,,0
2807511,2,2807511,Humisphaera,"",bacteria,false,,,,,,,,,,,,,,,,0.18579869937194465,1,,,89.7,29.0,10^-7.47886,,,,,[2807512],0
2807512,1,2807511,Humisphaera borealis,"",bacteria,false,,,,,,,,,,,,,,,,0.18579869937194465,1,,,89.7,29.0,10^-7.47886,,,,,,0
2803850,2,2803850,Mammaliicoccus,"",bacteria,false,,,,0.3715973987438893,2,,,100.0,40.0,10^-14.925,,,,,,,,,,,,,,,,,[1296],0
1296,1,2803850,Mammaliicoccus sciuri,"",bacteria,false,,,,0.3715973987438893,2,,,100.0,40.0,10^-14.925,,,,,,,,,,,,,,,,,,0
2801844,2,2801844,Arachnia,"",bacteria,false,,,,,,,,,,,,,,,,0.18579869937194465,1,,,93.9,49.0,10^-20.3585,,,,,[1750],0
1750,1,2801844,Arachnia propionica,"",bacteria,false,,,,,,,,,,,,,,,,0.18579869937194465,1,,,93.9,49.0,10^-20.3585,,,,,,0
2758920,2,2758920,Paraconexibacter,"",bacteria,false,,,,0.18579869937194465,1,,,94.118,51.0,10^-18.2504,,,,,,,,,,,,,,,,,[2949664],0
2949664,1,2758920,Paraconexibacter antarcticus,"",bacteria,false,,,,0.18579869937194465,1,,,94.118,51.0,10^-18.2504,,,,,,,,,,,,,,,,,,0
2597258,2,2597258,Macondimonas,"",bacteria,false,,,,,,,,,,,,,,,,0.18579869937194465,1,,,87.0,23.0,10^-3.65758,,,,,[2305248],0
2305248,1,2597258,Candidatus Macondimonas diazotrophica,"",bacteria,false,,,,,,,,,,,,,,,,0.18579869937194465,1,,,87.0,23.0,10^-3.65758,,,,,,0
1986179,2,1986179,Neocucurbitaria,"",eukaryota,false,,,,,,,,,,,,,,,,0.3715973987438893,2,,,88.4,30.5,10^-7.7925,,,,,[798079],0
798079,1,1986179,Neocucurbitaria cava,"",eukaryota,false,,,,,,,,,,,,,,,,0.3715973987438893,2,,,88.4,30.5,10^-7.7925,,,,,,0
1912216,2,1912216,Cutibacterium,"",bacteria,false,,,,2.043785693091391,11,,,97.8329,126.667,10^-70.4084,,,,,,2.043785693091391,11,,,98.4222,39.2222,10^-16.3774,,,,,"[2559073, 1912223, 33010, 1747]",0
2559073,1,1912216,Cutibacterium modestum,"",bacteria,false,,,,,,,,,,,,,,,,0.18579869937194465,1,,,100.0,19.0,10^-3.02228,,,,,,0
1912223,1,1912216,uncultured Cutibacterium sp.,"",bacteria,false,,,,,,,,,,,,,,,,0.557396098115834,3,,,100.0,50.0,10^-22.2097,,,,,,0
33010,1,1912216,Cutibacterium avidum,"",bacteria,false,,,,0.18579869937194465,1,,,91.781,73.0,10^-29.0736,,,,,,,,,,,,,,,,,,0
1747,1,1912216,Cutibacterium acnes,"",bacteria,false,,,,1.8579869937194466,10,,,98.5894,133.375,10^-75.5753,,,,,,1.3005908956036125,7,,,97.9714,40.5714,10^-17.4521,,,,,,0
1891713,2,1891713,Alphapolyomavirus,"",viruses,false,,,,0.9289934968597233,5,,,100.0,52.0,10^-23.0453,,,,,,,,,,,,,,,,,[1891726],1
1891726,1,1891713,Alphapolyomavirus quintihominis,"",viruses,false,,,,0.9289934968597233,5,,,100.0,52.0,10^-23.0453,,,,,,,,,,,,,,,,,,1
1868215,2,1868215,Orthopneumovirus,"",viruses,false,,,,1.114792196231668,6,,,98.3333,57.6667,10^-25.5171,,,,,,,,,,,,,,,,,[3049954],1
3049954,1,1868215,Orthopneumovirus hominis,"",viruses,false,,,,1.114792196231668,6,,,98.3333,57.6667,10^-25.5171,,,,,,,,,,,,,,,,,,1
1866885,2,1866885,Mycolicibacterium,"",bacteria,false,,,,0.7431947974877786,4,,,86.8763,118.75,10^-46.8999,,,,,,0.557396098115834,3,,,90.2667,46.0,10^-17.1076,,,,,"[2320850, 1431246, 758802, 56689, 39691, 1772]",1
2320850,1,1866885,Mycolicibacterium sp.,"",bacteria,false,,,,,,,,,,,,,,,,0.18579869937194465,1,,,87.5,40.0,10^-12.1568,,,,,,0
1431246,1,1866885,Mycolicibacterium anyangense,"",bacteria,false,,,,0.18579869937194465,1,,,90.164,61.0,10^-20.9174,,,,,,,,,,,,,,,,,,0
758802,1,1866885,Mycolicibacterium litorale,"",bacteria,false,,,,0.18579869937194465,1,,,79.661,118.0,10^-35.0408,,,,,,,,,,,,,,,,,,0
56689,1,1866885,Mycolicibacterium mucogenicum,"",bacteria,false,,,,0.18579869937194465,1,,,89.404,151.0,10^-68.5567,,,,,,0.18579869937194465,1,,,100.0,50.0,10^-23.8297,,,,,,0
39691,1,1866885,Mycolicibacterium moriokaense,"",bacteria,false,,,,0.18579869937194465,1,,,88.276,145.0,10^-63.0849,,,,,,,,,,,,,,,,,,0
1772,1,1866885,Mycolicibacterium smegmatis,"",bacteria,false,,,,,,,,,,,,,,,,0.18579869937194465,1,,,83.3,48.0,10^-15.3363,,,,,,1
1822464,2,1822464,Paraburkholderia,"",bacteria,false,,,,0.3715973987438893,2,,,90.536,79.0,10^-30.4233,,,,,,,,,,,,,,,,,"[2547399, 420953]",0
2547399,1,1822464,Paraburkholderia pallida,"",bacteria,false,,,,0.18579869937194465,1,,,93.443,61.0,10^-23.6622,,,,,,,,,,,,,,,,,,0
420953,1,1822464,Paraburkholderia megapolitana,"",bacteria,false,,,,0.18579869937194465,1,,,87.629,97.0,10^-37.1844,,,,,,,,,,,,,,,,,,0
1804994,2,1804994,Longimicrobium,"",bacteria,false,,,,,,,,,,,,,,,,0.18579869937194465,1,,,87.8,49.0,10^-19.9547,,,,,[1639882],0
1639882,1,1804994,Longimicrobium terrae,"",bacteria,false,,,,,,,,,,,,,,,,0.18579869937194465,1,,,87.8,49.0,10^-19.9547,,,,,,0
1775688,2,1775688,Jiella,"",bacteria,false,,,,0.557396098115834,3,,,84.416,77.0,10^-23.561,,,,,,,,,,,,,,,,,[2986949],0
2986949,1,1775688,Jiella pelagia,"",bacteria,false,,,,0.557396098115834,3,,,84.416,77.0,10^-23.561,,,,,,,,,,,,,,,,,,0
1742993,2,1742993,Pseudarthrobacter,"",bacteria,false,,,,0.3715973987438893,2,,,91.4945,132.5,10^-61.4138,,,,,,0.18579869937194465,1,,,97.3,37.0,10^-11.757,,,,,"[1934409, 85085]",0
1934409,1,1742993,Pseudarthrobacter sp.,"",bacteria,false,,,,,,,,,,,,,,,,0.18579869937194465,1,,,97.3,37.0,10^-11.757,,,,,,0
85085,1,1742993,Pseudarthrobacter chlorophenolicus,"",bacteria,false,,,,0.3715973987438893,2,,,91.4945,132.5,10^-61.4138,,,,,,,,,,,,,,,,,,0
1742989,2,1742989,Glutamicibacter,"",bacteria,false,,,,0.3715973987438893,2,,,99.248,133.0,10^-76.8461,,,,,,0.3715973987438893,2,,,100.0,46.0,10^-18.3487,,,,,"[257984, 37929]",0
257984,1,1742989,Glutamicibacter mysorens,"",bacteria,false,,,,,,,,,,,,,,,,0.3715973987438893,2,,,100.0,46.0,10^-18.3487,,,,,,0
37929,1,1742989,Glutamicibacter nicotianae,"",bacteria,false,,,,0.3715973987438893,2,,,99.248,133.0,10^-76.8461,,,,,,,,,,,,,,,,,,0
1706036,2,1706036,Gemmatirosa,"",bacteria,false,,,,0.3715973987438893,2,,,87.778,90.0,10^-33.786,,,,,,,,,,,,,,,,,[861299],0
861299,1,1706036,Gemmatirosa kalamazoonensis,"",bacteria,false,,,,0.3715973987438893,2,,,87.778,90.0,10^-33.786,,,,,,,,,,,,,,,,,,0
1649512,2,1649512,Vulcaniibacterium,"",bacteria,false,,,,,,,,,,,,,,,,0.18579869937194465,1,,,94.4,36.0,10^-16.1169,,,,,[1169913],0
1169913,1,1649512,Vulcaniibacterium thermophilum,"",bacteria,false,,,,,,,,,,,,,,,,0.18579869937194465,1,,,94.4,36.0,10^-16.1169,,,,,,0
1649455,2,1649455,Halopolyspora,"",bacteria,false,,,,,,,,,,,,,,,,0.18579869937194465,1,,,51.1,47.0,10^-6.30103,,,,,[1500506],0
1500506,1,1649455,Halopolyspora algeriensis,"",bacteria,false,,,,,,,,,,,,,,,,0.18579869937194465,1,,,51.1,47.0,10^-6.30103,,,,,,0
1612198,2,1612198,Asinibacterium,"",bacteria,false,,,,,,,,,,,,,,,,0.18579869937194465,1,,,100.0,48.0,10^-20.4157,,,,,[925409],0
925409,1,1612198,Asinibacterium sp. OR53,"",bacteria,false,,,,,,,,,,,,,,,,0.18579869937194465,1,,,100.0,48.0,10^-20.4157,,,,,,0
1535207,2,1535207,Barrientosiimonas,"",bacteria,false,,,,0.18579869937194465,1,,,89.091,55.0,10^-16.8453,,,,,,,,,,,,,,,,,[1535208],0
1535208,1,1535207,Barrientosiimonas endolithica,"",bacteria,false,,,,0.18579869937194465,1,,,89.091,55.0,10^-16.8453,,,,,,,,,,,,,,,,,,0
1525371,2,1525371,Neorhizobium,"",bacteria,false,,,,,,,,,,,,,,,,0.18579869937194465,1,,,53.1,49.0,10^-4.18776,,,,,[2937795],0
2937795,1,1525371,Neorhizobium turbinariae,"",bacteria,false,,,,,,,,,,,,,,,,0.18579869937194465,1,,,53.1,49.0,10^-4.18776,,,,,,0
1524217,2,1524217,Labilithrix,"",bacteria,false,,,,0.3715973987438893,2,,,92.771,83.0,10^-34.5074,,,,,,,,,,,,,,,,,[1391654],0
1391654,1,1524217,Labilithrix luteola,"",bacteria,false,,,,0.3715973987438893,2,,,92.771,83.0,10^-34.5074,,,,,,,,,,,,,,,,,,0
1522432,2,1522432,Pseudoduganella,"",bacteria,false,,,,0.18579869937194465,1,,,96.296,135.0,10^-72.7225,,,,,,0.18579869937194465,1,,,97.8,45.0,10^-20.1662,,,,,"[321985, 321983]",0
321985,1,1522432,Pseudoduganella lutea,"",bacteria,false,,,,,,,,,,,,,,,,0.18579869937194465,1,,,97.8,45.0,10^-20.1662,,,,,,0
321983,1,1522432,Pseudoduganella albidiflava,"",bacteria,false,,,,0.18579869937194465,1,,,96.296,135.0,10^-72.7225,,,,,,,,,,,,,,,,,,0
1511635,2,1511635,Aquisphaera,"",bacteria,false,,,,,,,,,,,,,,,,0.18579869937194465,1,,,64.0,50.0,10^-12.7986,,,,,[2712864],0
2712864,1,1511635,Aquisphaera insulae,"",bacteria,false,,,,,,,,,,,,,,,,0.18579869937194465,1,,,64.0,50.0,10^-12.7986,,,,,,0
1507401,2,1507401,Bocaparvovirus,"",viruses,false,,,,0.7431947974877786,4,,,100.0,47.5,10^-20.0009,,,,,,,,,,,,,,,,,[329641],1
329641,1,1507401,Human bocavirus,"",viruses,false,,,,0.7431947974877786,4,,,100.0,47.5,10^-20.0009,,,,,,,,,,,,,,,,,,1
1434010,2,1434010,Jatrophihabitans,"",bacteria,false,,,,,,,,,,,,,,,,0.557396098115834,3,,,97.5,40.0,10^-14.3737,,,,,[1206085],0
1206085,1,1434010,Jatrophihabitans endophyticus,"",bacteria,false,,,,,,,,,,,,,,,,0.557396098115834,3,,,97.5,40.0,10^-14.3737,,,,,,0
1395974,2,1395974,Tardiphaga,"",bacteria,false,,,,0.18579869937194465,1,,,85.915,71.0,10^-22.2239,,,,,,,,,,,,,,,,,[943830],0
943830,1,1395974,Tardiphaga robiniae,"",bacteria,false,,,,0.18579869937194465,1,,,85.915,71.0,10^-22.2239,,,,,,,,,,,,,,,,,,0
1351751,2,1351751,Parastagonospora,"",eukaryota,false,,,,0.18579869937194465,1,,,89.552,134.0,10^-59.6882,,,,,,,,,,,,,,,,,[13684],0
13684,1,1351751,Parastagonospora nodorum,"",eukaryota,false,,,,0.18579869937194465,1,,,89.552,134.0,10^-59.6882,,,,,,,,,,,,,,,,,,0
1344552,2,1344552,Noviherbaspirillum,"",bacteria,false,,,,,,,,,,,,,,,,0.3715973987438893,2,,,97.65,30.0,10^-8.41669,,,,,"[2850560, 1064518]",0
2850560,1,1344552,Noviherbaspirillum sp. L7-7A,"",bacteria,false,,,,,,,,,,,,,,,,0.18579869937194465,1,,,95.3,43.0,10^-13.4365,,,,,,0
1064518,1,1344552,Noviherbaspirillum soli,"",bacteria,false,,,,,,,,,,,,,,,,0.18579869937194465,1,,,100.0,17.0,10^-3.39686,,,,,,0
1295327,2,1295327,Croceicoccus,"",bacteria,false,,,,0.18579869937194465,1,,,96.0,50.0,10^-18.9452,,,,,,,,,,,,,,,,,[450378],0
450378,1,1295327,Croceicoccus marinus,"",bacteria,false,,,,0.18579869937194465,1,,,96.0,50.0,10^-18.9452,,,,,,,,,,,,,,,,,,0
1231242,2,1231242,Ferrovibrio,"",bacteria,false,,,,,,,,,,,,,,,,0.18579869937194465,1,,,50.0,40.0,10^-4.66756,,,,,[1917215],0
1917215,1,1231242,Ferrovibrio sp.,"",bacteria,false,,,,,,,,,,,,,,,,0.18579869937194465,1,,,50.0,40.0,10^-4.66756,,,,,,0
1209988,2,1209988,Halopenitus,"",archaea,false,,,,0.18579869937194465,1,,,98.413,63.0,10^-29.1376,,,,,,0.18579869937194465,1,,,100.0,20.0,10^-3.59007,,,,,[1048396],0
1048396,1,1209988,Halopenitus persicus,"",archaea,false,,,,0.18579869937194465,1,,,98.413,63.0,10^-29.1376,,,,,,0.18579869937194465,1,,,100.0,20.0,10^-3.59007,,,,,,0
1191515,2,1191515,Ornithinibacter,"",bacteria,false,,,,,,,,,,,,,,,,0.18579869937194465,1,,,100.0,22.0,10^-4.90658,,,,,[622664],0
622664,1,1191515,Ornithinibacter aureus,"",bacteria,false,,,,,,,,,,,,,,,,0.18579869937194465,1,,,100.0,22.0,10^-4.90658,,,,,,0
1070314,2,1070314,Halorussus,"",archaea,false,,,,0.18579869937194465,1,,,89.552,67.0,10^-23.6214,,,,,,,,,,,,,,,,,[2953750],0
2953750,1,1070314,Halorussus salilacus,"",archaea,false,,,,0.18579869937194465,1,,,89.552,67.0,10^-23.6214,,,,,,,,,,,,,,,,,,0
747294,2,747294,Pseudorhodoferax,"",bacteria,false,,,,,,,,,,,,,,,,0.18579869937194465,1,,,95.7,47.0,10^-20.4089,,,,,[747304],0
747304,1,747294,Pseudorhodoferax aquiterrae,"",bacteria,false,,,,,,,,,,,,,,,,0.18579869937194465,1,,,95.7,47.0,10^-20.4089,,,,,,0
687332,2,687332,Betatorquevirus,"",viruses,false,,,,10.590525864200846,57,1,4,95.4562,146.909,10^-73.5034,,,,,,13.19170765540807,71,1,55,72.7471,68.7857,10^-25.5105,,,,,"[3048397, 2809199, 93678]",0
3048397,1,687332,Betatorquevirus homini11,"",viruses,false,,,,,,,,,,,,,,,,0.3715973987438893,2,,,81.6,49.0,10^-20.7496,,,,,,0
2809199,1,687332,Betatorquevirus sp.,"",viruses,false,,,,0.3715973987438893,2,,,94.1355,143.0,10^-73.3844,,,,,,11.705318060432514,63,1,55,70.955,73.5,10^-27.3849,,,,,,0
93678,1,687332,TTV-like mini virus,"",viruses,false,,,,10.218928465456957,55,1,4,95.5414,147.161,10^-73.5111,,,,,,1.114792196231668,6,,,84.1333,37.6667,10^-12.1022,,,,,,0
687331,2,687331,Alphatorquevirus,"",viruses,false,,,,184.12651107759714,991,4,906,94.4803,900.092,10^-256.593,,,,,,91.78455748974066,494,7,379,82.7905,71.5851,10^-32.436,,,,,"[3051620, 3048433, 3048430, 3048428, 3048424, 3048423, 3048420, 3048415, 3048414, 3048413, 2809145, 687367, 687355, 687350, 687347]",0
3051620,1,687331,Alphatorquevirus cerco2,"",viruses,false,,,,,,,,,,,,,,,,5.20236358241445,28,,,69.4,36.0,10^-6.07058,,,,,,0
3048433,1,687331,Alphatorquevirus homin9,"",viruses,false,,,,,,,,,,,,,,,,0.7431947974877786,4,,,93.9,49.0,10^-27.684,,,,,,0
3048430,1,687331,Alphatorquevirus homin5,"",viruses,false,,,,1.114792196231668,6,,,97.682,302.0,10^-145.178,,,,,,0.3715973987438893,2,,,78.85,48.0,10^-16.8171,,,,,,0
3048428,1,687331,Alphatorquevirus homin3,"",viruses,false,,,,,,,,,,,,,,,,0.18579869937194465,1,,,65.3,49.0,10^-13.7167,,,,,,0
3048424,1,687331,Alphatorquevirus homin24,"",viruses,false,,,,8.918337569853344,48,,,98.013,151.0,10^-86.3976,,,,,,4.644967484298617,25,1,22,94.4749,79.3333,10^-49.0716,,,,,,0
3048423,1,687331,Alphatorquevirus homin21,"",viruses,false,,,,,,,,,,,,,,,,0.3715973987438893,2,,,97.4,38.0,10^-12.7721,,,,,,0
3048420,1,687331,Alphatorquevirus homin19,"",viruses,false,,,,,,,,,,,,,,,,50.165648830425056,270,1,270,81.967,122.0,10^-53.9172,,,,,,0
3048415,1,687331,Alphatorquevirus homin13,"",viruses,false,,,,5.57396098115834,30,,,94.0487,86.3333,10^-35.4775,,,,,,,,,,,,,,,,,,0
3048414,1,687331,Alphatorquevirus homin10,"",viruses,false,,,,,,,,,,,,,,,,4.459168784926672,24,1,19,69.2493,63.2857,10^-26.3474,,,,,,0
3048413,1,687331,Alphatorquevirus homin1,"",viruses,false,,,,168.33362163098187,906,4,906,94.3656,949.055,10^-268.026,,,,,,8.175142772365565,44,2,25,76.0268,54.3158,10^-22.3756,,,,,,0
2809145,1,687331,Alphatorquevirus sp.,"",viruses,false,,,,,,,,,,,,,,,,5.759759680530284,31,,,84.1182,45.7273,10^-17.3101,,,,,,0
687367,1,687331,Torque teno virus 28,"",viruses,false,,,,,,,,,,,,,,,,6.131357079274173,33,1,33,77.273,44.0,10^-17.5702,,,,,,0
687355,1,687331,Torque teno virus 16,"",viruses,false,,,,,,,,,,,,,,,,0.3715973987438893,2,,,100.0,34.0,10^-11.8097,,,,,,0
687350,1,687331,Torque teno virus 11,"",viruses,false,,,,,,,,,,,,,,,,5.016564883042506,27,1,10,94.9909,55.9091,10^-29.8767,,,,,,0
687347,1,687331,Torque teno virus 8,"",viruses,false,,,,0.18579869937194465,1,,,90.728,151.0,10^-71.3015,,,,,,0.18579869937194465,1,,,100.0,50.0,10^-27.5086,,,,,,0
670516,2,670516,Mycobacteroides,"",bacteria,false,,,,5.945558379902229,32,,,99.4811,91.0,10^-48.8134,,,,,,3.344376588695004,18,,,96.7417,38.5,10^-15.7994,,,,,"[404941, 36809, 1774]",2
404941,1,670516,Mycobacteroides salmoniphilum,"",bacteria,false,,,,0.3715973987438893,2,,,99.338,151.0,10^-89.1423,,,,,,0.7431947974877786,4,,,100.0,36.0,10^-13.5747,,,,,,0
36809,1,670516,Mycobacteroides abscessus,"",bacteria,false,,,,,,,,,,,,,,,,0.9289934968597233,5,,,88.9,31.6667,10^-9.4776,,,,,,1
1774,1,670516,Mycobacteroides chelonae,"",bacteria,false,,,,5.57396098115834,30,,,99.489,87.6667,10^-46.5729,,,,,,1.672188294347502,9,,,99.1714,42.1429,10^-19.1444,,,,,,1
665874,2,665874,Limnohabitans,"",bacteria,false,,,,0.557396098115834,3,,,94.853,62.0,10^-25.0295,,,,,,1.114792196231668,6,,,95.2667,49.3333,10^-20.5746,,,,,"[1678129, 1678128, 1100718, 768543]",0
1678129,1,665874,Limnohabitans sp. 103DPR2,"",bacteria,false,,,,0.3715973987438893,2,,,89.706,68.0,10^-24.3012,,,,,,,,,,,,,,,,,,0
1678128,1,665874,Limnohabitans sp. 63ED37-2,"",bacteria,false,,,,0.18579869937194465,1,,,100.0,56.0,10^-25.7579,,,,,,,,,,,,,,,,,,0
1100718,1,665874,Limnohabitans sp. Rim8,"",bacteria,false,,,,,,,,,,,,,,,,0.9289934968597233,5,,,93.9,49.0,10^-19.813,,,,,,0
768543,1,665874,uncultured Limnohabitans sp.,"",bacteria,false,,,,,,,,,,,,,,,,0.18579869937194465,1,,,98.0,50.0,10^-22.098,,,,,,0
622681,2,622681,Planktophila,"",bacteria,false,,,,0.18579869937194465,1,,,92.0,150.0,10^-73.3629,,,,,,0.18579869937194465,1,,,100.0,49.0,10^-21.6308,,,,,[1884907],0
1884907,1,622681,Candidatus Planktophila vernalis,"",bacteria,false,,,,0.18579869937194465,1,,,92.0,150.0,10^-73.3629,,,,,,0.18579869937194465,1,,,100.0,49.0,10^-21.6308,,,,,,0
460073,2,460073,Segetibacter,"",bacteria,false,,,,,,,,,,,,,,,,0.18579869937194465,1,,,67.3,49.0,10^-14.8894,,,,,[670293],0
670293,1,460073,Segetibacter aerophilus,"",bacteria,false,,,,,,,,,,,,,,,,0.18579869937194465,1,,,67.3,49.0,10^-14.8894,,,,,,0
432330,2,432330,Tumebacillus,"",bacteria,false,,,,0.18579869937194465,1,,,81.944,72.0,10^-18.7869,,,,,,,,,,,,,,,,,[1903704],0
1903704,1,432330,Tumebacillus avium,"",bacteria,false,,,,0.18579869937194465,1,,,81.944,72.0,10^-18.7869,,,,,,,,,,,,,,,,,,0
414371,2,414371,Aureimonas,"",bacteria,false,,,,,,,,,,,,,,,,0.557396098115834,3,,,96.9,32.0,10^-13.1331,,,,,[2027858],0
2027858,1,414371,Aureimonas endophytica,"",bacteria,false,,,,,,,,,,,,,,,,0.557396098115834,3,,,96.9,32.0,10^-13.1331,,,,,,0
402649,2,402649,Actinomycetospora,"",bacteria,false,,,,,,,,,,,,,,,,0.18579869937194465,1,,,98.0,49.0,10^-21.3134,,,,,[2893887],0
2893887,1,402649,Actinomycetospora soli,"",bacteria,false,,,,,,,,,,,,,,,,0.18579869937194465,1,,,98.0,49.0,10^-21.3134,,,,,,0
398041,2,398041,Flavisolibacter,"",bacteria,false,,,,,,,,,,,,,,,,0.18579869937194465,1,,,66.0,47.0,10^-8.45223,,,,,[1954249],0
1954249,1,398041,Flavisolibacter sp.,"",bacteria,false,,,,,,,,,,,,,,,,0.18579869937194465,1,,,66.0,47.0,10^-8.45223,,,,,,0
369926,2,369926,Brooklawnia,"",bacteria,false,,,,0.9289934968597233,5,,,97.436,39.0,10^-12.8775,,,,,,,,,,,,,,,,,[3041175],0
3041175,1,369926,Brooklawnia sp. SH051,"",bacteria,false,,,,0.9289934968597233,5,,,97.436,39.0,10^-12.8775,,,,,,,,,,,,,,,,,,0
337004,2,337004,Microcella,"",bacteria,false,,,,0.18579869937194465,1,,,94.545,55.0,10^-20.9624,,,,,,,,,,,,,,,,,[2994971],0
2994971,1,337004,Microcella daejeonensis,"",bacteria,false,,,,0.18579869937194465,1,,,94.545,55.0,10^-20.9624,,,,,,,,,,,,,,,,,,0
332246,2,332246,Halalkalicoccus,"",archaea,false,,,,,,,,,,,,,,,,0.18579869937194465,1,,,100.0,22.0,10^-5.70553,,,,,[1973143],0
1973143,1,332246,Halalkalicoccus sp.,"",archaea,false,,,,,,,,,,,,,,,,0.18579869937194465,1,,,100.0,22.0,10^-5.70553,,,,,,0
323620,2,323620,Shinella,"",bacteria,false,,,,0.18579869937194465,1,,,79.612,103.0,10^-28.9241,,,,,,,,,,,,,,,,,[352475],0
352475,1,323620,Shinella zoogloeoides,"",bacteria,false,,,,0.18579869937194465,1,,,79.612,103.0,10^-28.9241,,,,,,,,,,,,,,,,,,0
323449,2,323449,Pontibacter,"",bacteria,false,,,,0.18579869937194465,1,,,93.056,72.0,10^-29.7658,,,,,,,,,,,,,,,,,[2694930],0
2694930,1,323449,Pontibacter pudoricolor,"",bacteria,false,,,,0.18579869937194465,1,,,93.056,72.0,10^-29.7658,,,,,,,,,,,,,,,,,,0
323413,2,323413,Dokdonella,"",bacteria,false,,,,,,,,,,,,,,,,0.18579869937194465,1,,,97.6,41.0,10^-14.8416,,,,,[2291710],0
2291710,1,323413,Dokdonella sp.,"",bacteria,false,,,,,,,,,,,,,,,,0.18579869937194465,1,,,97.6,41.0,10^-14.8416,,,,,,0
316612,2,316612,Methylibium,"",bacteria,false,,,,0.18579869937194465,1,,,94.118,51.0,10^-18.2504,,,,,,,,,,,,,,,,,[105560],0
105560,1,316612,Methylibium petroleiphilum,"",bacteria,false,,,,0.18579869937194465,1,,,94.118,51.0,10^-18.2504,,,,,,,,,,,,,,,,,,0
295418,2,295418,Rubellimicrobium,"",bacteria,false,,,,,,,,,,,,,,,,0.3715973987438893,2,,,81.35,47.5,10^-16.5498,,,,,"[2817372, 490979]",0
2817372,1,295418,Rubellimicrobium arenae,"",bacteria,false,,,,,,,,,,,,,,,,0.18579869937194465,1,,,86.7,45.0,10^-16.9706,,,,,,0
490979,1,295418,Rubellimicrobium aerolatum,"",bacteria,false,,,,,,,,,,,,,,,,0.18579869937194465,1,,,76.0,50.0,10^-16.129,,,,,,0
293088,2,293088,Martelella,"",bacteria,false,,,,0.18579869937194465,1,,,89.13,92.0,10^-36.5212,,,,,,,,,,,,,,,,,[293089],0
293089,1,293088,Martelella mediterranea,"",bacteria,false,,,,0.18579869937194465,1,,,89.13,92.0,10^-36.5212,,,,,,,,,,,,,,,,,,0
265976,2,265976,Serinicoccus,"",bacteria,false,,,,0.18579869937194465,1,,,100.0,60.0,10^-28.4726,,,,,,,,,,,,,,,,,[1078471],0
1078471,1,265976,Serinicoccus profundi,"",bacteria,false,,,,0.18579869937194465,1,,,100.0,60.0,10^-28.4726,,,,,,,,,,,,,,,,,,0
245876,2,245876,Nitratireductor,"",bacteria,false,,,,,,,,,,,,,,,,0.18579869937194465,1,,,88.2,34.0,10^-10.767,,,,,[520953],0
520953,1,245876,uncultured Nitratireductor sp.,"",bacteria,false,,,,,,,,,,,,,,,,0.18579869937194465,1,,,88.2,34.0,10^-10.767,,,,,,0
227873,2,227873,Pannonibacter,"",bacteria,false,,,,,,,,,,,,,,,,0.18579869937194465,1,,,100.0,40.0,10^-15.4895,,,,,[2750085],0
2750085,1,227873,Pannonibacter sp. XCT-53,"",bacteria,false,,,,,,,,,,,,,,,,0.18579869937194465,1,,,100.0,40.0,10^-15.4895,,,,,,0
223927,2,223927,Oxalicibacterium,"",bacteria,false,,,,,,,,,,,,,,,,0.3715973987438893,2,,,88.0,50.0,10^-21.9872,,,,,[69280],0
69280,1,223927,Oxalicibacterium solurbis,"",bacteria,false,,,,,,,,,,,,,,,,0.3715973987438893,2,,,88.0,50.0,10^-21.9872,,,,,,0
207599,2,207599,Solirubrobacter,"",bacteria,false,,,,,,,,,,,,,,,,0.18579869937194465,1,,,83.7,49.0,10^-19.399,,,,,[166793],0
166793,1,207599,Solirubrobacter pauli,"",bacteria,false,,,,,,,,,,,,,,,,0.18579869937194465,1,,,83.7,49.0,10^-19.399,,,,,,0
204447,2,204447,Skermanella,"",bacteria,false,,,,,,,,,,,,,,,,0.7431947974877786,4,,,86.55,30.0,10^-7.44684,,,,,"[2233999, 1789672]",0
2233999,1,204447,Skermanella pratensis,"",bacteria,false,,,,,,,,,,,,,,,,0.3715973987438893,2,,,90.3,31.0,10^-8.65561,,,,,,0
1789672,1,204447,Skermanella mucosa,"",bacteria,false,,,,,,,,,,,,,,,,0.3715973987438893,2,,,82.8,29.0,10^-6.23807,,,,,,0
203470,2,203470,Tepidiphilus,"",bacteria,false,,,,,,,,,,,,,,,,0.557396098115834,3,,,100.0,41.0,10^-20.4168,,,,,[876478],0
876478,1,203470,Tepidiphilus thermophilus,"",bacteria,false,,,,,,,,,,,,,,,,0.557396098115834,3,,,100.0,41.0,10^-20.4168,,,,,,0
196013,2,196013,Caldimonas,"",bacteria,false,,,,0.9289934968597233,5,,,94.1366,121.6,10^-59.4919,,,,,,0.7431947974877786,4,,,87.275,49.5,10^-19.0023,,,,,"[376175, 215580, 196015]",0
376175,1,196013,Schlegelella aquatica,"",bacteria,false,,,,0.557396098115834,3,,,96.8463,115.667,10^-60.4934,,,,,,0.557396098115834,3,,,98.0,49.6667,10^-24.1562,,,,,,0
215580,1,196013,Caldimonas thermodepolymerans,"",bacteria,false,,,,0.3715973987438893,2,,,90.072,130.5,10^-57.9897,,,,,,,,,,,,,,,,,,0
196015,1,196013,Caldimonas manganoxidans,"",bacteria,false,,,,,,,,,,,,,,,,0.18579869937194465,1,,,55.1,49.0,10^-3.54061,,,,,,0
191494,2,191494,Conexibacter,"",bacteria,false,,,,,,,,,,,,,,,,0.3715973987438893,2,,,94.0,50.0,10^-22.6073,,,,,[912552],0
912552,1,191494,Conexibacter arvalis,"",bacteria,false,,,,,,,,,,,,,,,,0.3715973987438893,2,,,94.0,50.0,10^-22.6073,,,,,,0
188905,2,188905,Jannaschia,"",bacteria,false,,,,0.18579869937194465,1,,,89.362,94.0,10^-37.8843,,,,,,,,,,,,,,,,,[3038773],0
3038773,1,188905,Jannaschia sp. GRR-S6-38,"",bacteria,false,,,,0.18579869937194465,1,,,89.362,94.0,10^-37.8843,,,,,,,,,,,,,,,,,,0
186650,2,186650,Microvirga,"",bacteria,false,,,,0.18579869937194465,1,,,94.667,150.0,10^-78.8524,,,,,,0.3715973987438893,2,,,93.9,49.0,10^-20.545,,,,,"[1882682, 1873136, 1549810]",0
1882682,1,186650,Microvirga ossetica,"",bacteria,false,,,,0.18579869937194465,1,,,94.667,150.0,10^-78.8524,,,,,,,,,,,,,,,,,,0
1873136,1,186650,Microvirga sp.,"",bacteria,false,,,,,,,,,,,,,,,,0.18579869937194465,1,,,100.0,49.0,10^-23.0017,,,,,,0
1549810,1,186650,Microvirga sp. BSC39,"",bacteria,false,,,,,,,,,,,,,,,,0.18579869937194465,1,,,87.8,49.0,10^-18.0883,,,,,,0
174951,2,174951,Ramlibacter,"",bacteria,false,,,,,,,,,,,,,,,,0.18579869937194465,1,,,95.2,42.0,10^-19.9788,,,,,[1926872],0
1926872,1,174951,Ramlibacter monticola,"",bacteria,false,,,,,,,,,,,,,,,,0.18579869937194465,1,,,95.2,42.0,10^-19.9788,,,,,,0
165695,2,165695,Sphingobium,"",bacteria,false,,,,,,,,,,,,,,,,0.7431947974877786,4,,,91.9,33.6667,10^-11.0691,,,,,"[2817901, 1912891]",0
2817901,1,165695,Sphingobium sp. OAS761,"",bacteria,false,,,,,,,,,,,,,,,,0.18579869937194465,1,,,100.0,44.0,10^-21.5376,,,,,,0
1912891,1,165695,Sphingobium sp.,"",bacteria,false,,,,,,,,,,,,,,,,0.557396098115834,3,,,87.85,28.5,10^-5.83487,,,,,,0
150830,2,150830,Roseibium,"",bacteria,false,,,,,,,,,,,,,,,,0.18579869937194465,1,,,80.0,50.0,10^-22.433,,,,,[1936156],0
1936156,1,150830,Roseibium sp.,"",bacteria,false,,,,,,,,,,,,,,,,0.18579869937194465,1,,,80.0,50.0,10^-22.433,,,,,,0
136099,2,136099,Knoellia,"",bacteria,false,,,,,,,,,,,,,,,,0.557396098115834,3,,,95.5,45.0,10^-18.6394,,,,,"[913969, 136100]",0
913969,1,136099,Knoellia flava,"",bacteria,false,,,,,,,,,,,,,,,,0.3715973987438893,2,,,95.9,49.0,10^-20.7471,,,,,,0
136100,1,136099,Knoellia sinensis,"",bacteria,false,,,,,,,,,,,,,,,,0.18579869937194465,1,,,95.1,41.0,10^-16.5317,,,,,,0
133894,2,133894,Penaeus,"",eukaryota,false,,,,0.3715973987438893,2,,,93.069,101.0,10^-46.7735,,,,,,,,,,,,,,,,,[6689],0
6689,1,133894,Penaeus vannamei,Pacific white shrimp,eukaryota,false,,,,0.3715973987438893,2,,,93.069,101.0,10^-46.7735,,,,,,,,,,,,,,,,,,0
125287,2,125287,Ornithinimicrobium,"",bacteria,false,,,,0.9289934968597233,5,,,92.111,104.75,10^-46.2656,,,,,,0.3715973987438893,2,,,91.6,37.0,10^-13.0801,,,,,"[2508882, 1288636, 384677, 125288]",0
2508882,1,125287,Ornithinimicrobium sp. HY006,"",bacteria,false,,,,0.7431947974877786,4,,,92.2263,111.333,10^-49.731,,,,,,,,,,,,,,,,,,0
1288636,1,125287,Ornithinimicrobium flavum,"",bacteria,false,,,,0.18579869937194465,1,,,91.765,85.0,10^-35.8694,,,,,,,,,,,,,,,,,,0
384677,1,125287,Ornithinimicrobium pekingense,"",bacteria,false,,,,,,,,,,,,,,,,0.18579869937194465,1,,,88.2,34.0,10^-10.3615,,,,,,0
125288,1,125287,Ornithinimicrobium humiphilum,"",bacteria,false,,,,,,,,,,,,,,,,0.18579869937194465,1,,,95.0,40.0,10^-15.7986,,,,,,0
120652,2,120652,Methylocella,"",bacteria,false,,,,0.18579869937194465,1,,,79.646,113.0,10^-33.001,,,,,,,,,,,,,,,,,[227605],0
227605,1,120652,Methylocella tundrae,"",bacteria,false,,,,0.18579869937194465,1,,,79.646,113.0,10^-33.001,,,,,,,,,,,,,,,,,,0
114248,2,114248,Tepidimonas,"",bacteria,false,,,,0.18579869937194465,1,,,90.0,150.0,10^-69.2458,,,,,,0.9289934968597233,5,,,100.0,31.0,10^-10.7761,,,,,"[453579, 307486, 247482, 114249]",0
453579,1,114248,uncultured Tepidimonas sp.,"",bacteria,false,,,,,,,,,,,,,,,,0.18579869937194465,1,,,100.0,50.0,10^-22.7122,,,,,,0
307486,1,114248,Tepidimonas taiwanensis,"",bacteria,false,,,,0.18579869937194465,1,,,90.0,150.0,10^-69.2458,,,,,,,,,,,,,,,,,,0
247482,1,114248,Tepidimonas aquatica,"",bacteria,false,,,,,,,,,,,,,,,,0.18579869937194465,1,,,100.0,26.0,10^-6.45346,,,,,,0
114249,1,114248,Tepidimonas ignava,"",bacteria,false,,,,,,,,,,,,,,,,0.557396098115834,3,,,100.0,24.0,10^-6.96939,,,,,,0
106589,2,106589,Cupriavidus,"",bacteria,false,,,,0.557396098115834,3,,,96.9565,117.5,10^-63.5377,,,,,,0.557396098115834,3,,,98.2,30.0,10^-8.86145,,,,,"[2880159, 2608999, 119219]",0
2880159,1,106589,Cupriavidus sp. TKC,"",bacteria,false,,,,,,,,,,,,,,,,0.18579869937194465,1,,,100.0,32.0,10^-8.73993,,,,,,0
2608999,1,106589,Cupriavidus cauae,"",bacteria,false,,,,0.3715973987438893,2,,,95.238,84.0,10^-39.3055,,,,,,0.3715973987438893,2,,,96.4,28.0,10^-8.98297,,,,,,0
119219,1,106589,Cupriavidus metallidurans,"",bacteria,false,,,,0.18579869937194465,1,,,98.675,151.0,10^-87.7699,,,,,,,,,,,,,,,,,,0
99479,2,99479,Tetrasphaera,"",bacteria,false,,,,,,,,,,,,,,,,0.18579869937194465,1,,,63.6,44.0,10^-8.83268,,,,,[2653936],0
2653936,1,99479,Tetrasphaera sp. F2B08,"",bacteria,false,,,,,,,,,,,,,,,,0.18579869937194465,1,,,63.6,44.0,10^-8.83268,,,,,,0
93681,2,93681,Roseateles,"",bacteria,false,,,,,,,,,,,,,,,,0.18579869937194465,1,,,100.0,36.0,10^-14.3098,,,,,[65048],0
65048,1,93681,Roseateles chitosanitabidus,"",bacteria,false,,,,,,,,,,,,,,,,0.18579869937194465,1,,,100.0,36.0,10^-14.3098,,,,,,0
92793,2,92793,Aquabacterium,"",bacteria,false,,,,0.18579869937194465,1,,,89.583,48.0,10^-13.4735,,,,,,,,,,,,,,,,,[1296669],0
1296669,1,92793,Aquabacterium olei,"",bacteria,false,,,,0.18579869937194465,1,,,89.583,48.0,10^-13.4735,,,,,,,,,,,,,,,,,,0
89966,2,89966,Hymenobacter,"",bacteria,false,,,,0.3715973987438893,2,,,94.845,97.0,10^-46.791,,,,,,,,,,,,,,,,,[2987688],0
2987688,1,89966,Hymenobacter sp. YIM 151858-1,"",bacteria,false,,,,0.3715973987438893,2,,,94.845,97.0,10^-46.791,,,,,,,,,,,,,,,,,,0
86795,2,86795,Marmoricola,"",bacteria,false,,,,,,,,,,,,,,,,0.557396098115834,3,,,94.7,38.0,10^-16.3809,,,,,[1298863],0
1298863,1,86795,Marmoricola sp. URHB0036,"",bacteria,false,,,,,,,,,,,,,,,,0.557396098115834,3,,,94.7,38.0,10^-16.3809,,,,,,0
85413,2,85413,Bosea,"",bacteria,false,,,,,,,,,,,,,,,,0.18579869937194465,1,,,65.3,49.0,10^-14.8894,,,,,[1792307],0
1792307,1,85413,Bosea sp. PAMC 26642,"",bacteria,false,,,,,,,,,,,,,,,,0.18579869937194465,1,,,65.3,49.0,10^-14.8894,,,,,,0
83681,2,83681,Nonomuraea,"",bacteria,false,,,,0.3715973987438893,2,,,94.167,120.0,10^-59.7361,,,,,,0.3715973987438893,2,,,100.0,39.0,10^-16.0867,,,,,"[404386, 103838]",0
404386,1,83681,Nonomuraea coxensis,"",bacteria,false,,,,0.3715973987438893,2,,,94.167,120.0,10^-59.7361,,,,,,,,,,,,,,,,,,0
103838,1,83681,Nonomuraea turkmeniaca,"",bacteria,false,,,,,,,,,,,,,,,,0.3715973987438893,2,,,100.0,39.0,10^-16.0867,,,,,,0
83618,2,83618,Pseudoxanthomonas,"",bacteria,false,,,,0.18579869937194465,1,,,98.795,83.0,10^-42.7416,,,,,,,,,,,,,,,,,[128785],0
128785,1,83618,Pseudoxanthomonas mexicana,"",bacteria,false,,,,0.18579869937194465,1,,,98.795,83.0,10^-42.7416,,,,,,,,,,,,,,,,,,0
83614,2,83614,Luteimonas,"",bacteria,false,,,,0.557396098115834,3,,,96.2405,93.5,10^-44.448,,,,,,0.18579869937194465,1,,,95.8,48.0,10^-17.3179,,,,,"[3025317, 2901869, 2799326]",0
3025317,1,83614,Luteimonas sp. BLCC-B24,"",bacteria,false,,,,,,,,,,,,,,,,0.18579869937194465,1,,,95.8,48.0,10^-17.3179,,,,,,0
2901869,1,83614,Luteimonas fraxinea,"",bacteria,false,,,,0.18579869937194465,1,,,92.481,133.0,10^-64.4948,,,,,,,,,,,,,,,,,,0
2799326,1,83614,Luteimonas sp. MC1750,"",bacteria,false,,,,0.3715973987438893,2,,,100.0,54.0,10^-24.4013,,,,,,,,,,,,,,,,,,0
83461,2,83461,Corallococcus,"",bacteria,false,,,,0.3715973987438893,2,,,87.5,112.0,10^-44.67,,,,,,,,,,,,,,,,,[184914],0
184914,1,83461,Corallococcus coralloides,"",bacteria,false,,,,0.3715973987438893,2,,,87.5,112.0,10^-44.67,,,,,,,,,,,,,,,,,,0
82594,2,82594,Biston,"",eukaryota,false,,,,0.18579869937194465,1,,,92.157,51.0,10^-16.8781,,,,,,,,,,,,,,,,,[82595],0
82595,1,82594,Biston betularia,pepper-and-salt moth,eukaryota,false,,,,0.18579869937194465,1,,,92.157,51.0,10^-16.8781,,,,,,,,,,,,,,,,,,0
80865,2,80865,Delftia,"",bacteria,false,,,,0.557396098115834,3,,,99.3463,84.3333,10^-44.6258,,,,,,,,,,,,,,,,,"[558537, 80866]",0
558537,1,80865,Delftia lacustris,"",bacteria,false,,,,0.18579869937194465,1,,,100.0,151.0,10^-90.5147,,,,,,,,,,,,,,,,,,0
80866,1,80865,Delftia acidovorans,"",bacteria,false,,,,0.3715973987438893,2,,,99.0195,51.0,10^-21.6814,,,,,,,,,,,,,,,,,,0
75654,2,75654,Duganella,"",bacteria,false,,,,,,,,,,,,,,,,0.18579869937194465,1,,,69.6,46.0,10^-10.4522,,,,,[1781066],0
1781066,1,75654,Duganella sp. HH101,"",bacteria,false,,,,,,,,,,,,,,,,0.18579869937194465,1,,,69.6,46.0,10^-10.4522,,,,,,0
72763,2,72763,Tessaracoccus,"",bacteria,false,,,,0.18579869937194465,1,,,86.755,151.0,10^-63.0673,,,,,,0.18579869937194465,1,,,96.0,50.0,10^-25.58,,,,,"[1522311, 1427523]",0
1522311,1,72763,Tessaracoccus massiliensis,"",bacteria,false,,,,,,,,,,,,,,,,0.18579869937194465,1,,,96.0,50.0,10^-25.58,,,,,,0
1427523,1,72763,Tessaracoccus lapidicaptus,"",bacteria,false,,,,0.18579869937194465,1,,,86.755,151.0,10^-63.0673,,,,,,,,,,,,,,,,,,0
70774,2,70774,Hydrogenophilus,"",bacteria,false,,,,0.3715973987438893,2,,,99.662,148.0,10^-87.7786,,,,,,0.3715973987438893,2,,,98.95,48.0,10^-24.6957,,,,,[297],0
297,1,70774,Hydrogenophilus thermoluteolus,"",bacteria,false,,,,0.3715973987438893,2,,,99.662,148.0,10^-87.7786,,,,,,0.3715973987438893,2,,,98.95,48.0,10^-24.6957,,,,,,0
68287,2,68287,Mesorhizobium,"",bacteria,false,,,,0.3715973987438893,2,,,89.236,97.5,10^-39.5839,,,,,,0.18579869937194465,1,,,77.5,40.0,10^-12.8182,,,,,"[2865838, 1871066, 28104]",0
2865838,1,68287,Mesorhizobium sp. AR07,"",bacteria,false,,,,0.18579869937194465,1,,,88.889,99.0,10^-39.9203,,,,,,,,,,,,,,,,,,0
1871066,1,68287,Mesorhizobium sp.,"",bacteria,false,,,,,,,,,,,,,,,,0.18579869937194465,1,,,77.5,40.0,10^-12.8182,,,,,,0
28104,1,68287,Mesorhizobium huakuii,"",bacteria,false,,,,0.18579869937194465,1,,,89.583,96.0,10^-39.2475,,,,,,,,,,,,,,,,,,0
64390,2,64390,Callosobruchus,"",eukaryota,false,,,,,,,,,,,,,,,,0.3715973987438893,2,,,100.0,34.0,10^-12.4214,,,,,[146774],0
146774,1,64390,Callosobruchus chinensis,azuki bean weevil,eukaryota,false,,,,,,,,,,,,,,,,0.3715973987438893,2,,,100.0,34.0,10^-12.4214,,,,,,0
59732,2,59732,Chryseobacterium,"",bacteria,false,,,,0.557396098115834,3,,,79.259,135.0,10^-41.158,,,,,,,,,,,,,,,,,[2997336],0
2997336,1,59732,Chryseobacterium sp. CY350,"",bacteria,false,,,,0.557396098115834,3,,,79.259,135.0,10^-41.158,,,,,,,,,,,,,,,,,,0
57499,2,57499,Kytococcus,"",bacteria,false,,,,0.18579869937194465,1,,,93.571,140.0,10^-70.6481,,,,,,0.18579869937194465,1,,,93.5,46.0,10^-21.0367,,,,,[1276],0
1276,1,57499,Kytococcus sedentarius,"",bacteria,false,,,,0.18579869937194465,1,,,93.571,140.0,10^-70.6481,,,,,,0.18579869937194465,1,,,93.5,46.0,10^-21.0367,,,,,,0
57493,2,57493,Kocuria,"",bacteria,false,,,,1.672188294347502,9,,,98.2975,110.667,10^-60.4742,,,,,,1.4863895949755572,8,,,96.85,34.0,10^-12.3728,,,,,"[1871328, 664639, 446860, 71999, 1272]",0
1871328,1,57493,Kocuria sp.,"",bacteria,false,,,,,,,,,,,,,,,,0.18579869937194465,1,,,97.2,36.0,10^-13.0101,,,,,,0
664639,1,57493,Kocuria salsicia,"",bacteria,false,,,,,,,,,,,,,,,,0.18579869937194465,1,,,90.0,30.0,10^-10.2418,,,,,,0
446860,1,57493,Kocuria flava,"",bacteria,false,,,,0.18579869937194465,1,,,98.611,72.0,10^-35.2553,,,,,,0.18579869937194465,1,,,100.0,23.0,10^-5.56543,,,,,,0
71999,1,57493,Kocuria palustris,"",bacteria,false,,,,1.3005908956036125,7,,,98.6758,126.75,10^-71.5577,,,,,,0.9289934968597233,5,,,97.9667,38.3333,10^-15.1399,,,,,,0
1272,1,57493,Kocuria varians,"",bacteria,false,,,,0.18579869937194465,1,,,96.471,85.0,10^-41.3589,,,,,,,,,,,,,,,,,,0
55067,2,55067,Phaeosphaeria,"",eukaryota,false,,,,,,,,,,,,,,,,0.18579869937194465,1,,,97.4,38.0,10^-14.5391,,,,,[2821754],0
2821754,1,55067,Phaeosphaeria sp. MPI-PUGE-AT-0046c,"",eukaryota,false,,,,,,,,,,,,,,,,0.18579869937194465,1,,,97.4,38.0,10^-14.5391,,,,,,0
53457,2,53457,Janibacter,"",bacteria,false,,,,1.114792196231668,6,,,92.4123,95.5,10^-40.7658,,,,,,0.9289934968597233,5,,,89.48,40.0,10^-14.1928,,,,,"[2838626, 1285192, 857417, 415212, 364298, 53458]",0
2838626,1,53457,Candidatus Janibacter merdipullorum,"",bacteria,false,,,,,,,,,,,,,,,,0.3715973987438893,2,,,86.95,40.0,10^-12.0042,,,,,,0
1285192,1,53457,Janibacter cremeus,"",bacteria,false,,,,0.3715973987438893,2,,,92.5895,111.0,10^-50.1936,,,,,,,,,,,,,,,,,,0
857417,1,53457,Janibacter indicus,"",bacteria,false,,,,0.3715973987438893,2,,,94.3965,92.0,10^-41.3398,,,,,,,,,,,,,,,,,,0
415212,1,53457,Janibacter corallicola,"",bacteria,false,,,,,,,,,,,,,,,,0.18579869937194465,1,,,89.8,49.0,10^-23.0173,,,,,,0
364298,1,53457,Janibacter hoylei,"",bacteria,false,,,,,,,,,,,,,,,,0.18579869937194465,1,,,100.0,22.0,10^-5.9914,,,,,,0
53458,1,53457,Janibacter limosus,"",bacteria,false,,,,0.3715973987438893,2,,,90.251,83.5,10^-30.7641,,,,,,0.18579869937194465,1,,,83.7,49.0,10^-17.9469,,,,,,0
50729,2,50729,Ampelomyces,"",eukaryota,false,,,,,,,,,,,,,,,,0.18579869937194465,1,,,94.0,50.0,10^-21.4828,,,,,[50730],0
50730,1,50729,Ampelomyces quisqualis,"",eukaryota,false,,,,,,,,,,,,,,,,0.18579869937194465,1,,,94.0,50.0,10^-21.4828,,,,,,0
49184,2,49184,Kineosporia,"",bacteria,false,,,,,,,,,,,,,,,,1.114792196231668,6,,,80.48,37.6,10^-10.4928,,,,,"[3032199, 566012, 499548, 84633]",0
3032199,1,49184,Kineosporia sp. NBRC 101731,"",bacteria,false,,,,,,,,,,,,,,,,0.18579869937194465,1,,,76.0,50.0,10^-17.8894,,,,,,0
566012,1,49184,Kineosporia mesophila,"",bacteria,false,,,,,,,,,,,,,,,,0.557396098115834,3,,,72.1,37.5,10^-8.24344,,,,,,0
499548,1,49184,Kineosporia babensis,"",bacteria,false,,,,,,,,,,,,,,,,0.18579869937194465,1,,,100.0,18.0,10^-3.64397,,,,,,0
84633,1,49184,Kineosporia rhizophila,"",bacteria,false,,,,,,,,,,,,,,,,0.18579869937194465,1,,,82.2,45.0,10^-14.4437,,,,,,0
48736,2,48736,Ralstonia,"",bacteria,false,,,,0.7431947974877786,4,,,100.0,150.667,10^-89.8294,,,,,,0.7431947974877786,4,,,99.3333,49.6667,10^-21.687,,,,,[190721],0
190721,1,48736,Ralstonia insidiosa,"",bacteria,false,,,,0.7431947974877786,4,,,100.0,150.667,10^-89.8294,,,,,,0.7431947974877786,4,,,99.3333,49.6667,10^-21.687,,,,,,0
47670,2,47670,Lautropia,"",bacteria,false,,,,0.18579869937194465,1,,,98.667,150.0,10^-87.0866,,,,,,0.18579869937194465,1,,,100.0,50.0,10^-25.2069,,,,,[47671],0
47671,1,47670,Lautropia mirabilis,"",bacteria,false,,,,0.18579869937194465,1,,,98.667,150.0,10^-87.0866,,,,,,0.18579869937194465,1,,,100.0,50.0,10^-25.2069,,,,,,0
47420,2,47420,Hydrogenophaga,"",bacteria,false,,,,,,,,,,,,,,,,0.3715973987438893,2,,,100.0,22.0,10^-4.64589,,,,,[1904254],0
1904254,1,47420,Hydrogenophaga sp.,"",bacteria,false,,,,,,,,,,,,,,,,0.3715973987438893,2,,,100.0,22.0,10^-4.64589,,,,,,0
46352,2,46352,Agrococcus,"",bacteria,false,,,,0.18579869937194465,1,,,95.946,74.0,10^-33.871,,,,,,0.18579869937194465,1,,,95.7,23.0,10^-3.23062,,,,,"[2933290, 2599924]",0
2933290,1,46352,Agrococcus sp. SCSIO52902,"",bacteria,false,,,,0.18579869937194465,1,,,95.946,74.0,10^-33.871,,,,,,,,,,,,,,,,,,0
2599924,1,46352,Agrococcus sediminis,"",bacteria,false,,,,,,,,,,,,,,,,0.18579869937194465,1,,,95.7,23.0,10^-3.23062,,,,,,0
43668,2,43668,Brachybacterium,"",bacteria,false,,,,0.7431947974877786,4,,,90.4513,102.667,10^-43.8005,,,,,,0.9289934968597233,5,,,97.85,37.0,10^-13.3609,,,,,"[2759167, 1903186, 1755098, 1331682, 173362]",0
2759167,1,43668,Brachybacterium sp. Z12,"",bacteria,false,,,,0.18579869937194465,1,,,91.026,78.0,10^-31.1034,,,,,,,,,,,,,,,,,,0
1903186,1,43668,Brachybacterium sp. P6-10-X1,"",bacteria,false,,,,0.18579869937194465,1,,,87.805,123.0,10^-50.805,,,,,,,,,,,,,,,,,,0
1755098,1,43668,Brachybacterium massiliense,"",bacteria,false,,,,,,,,,,,,,,,,0.3715973987438893,2,,,96.85,32.5,10^-9.62249,,,,,,0
1331682,1,43668,Brachybacterium ginsengisoli,"",bacteria,false,,,,0.3715973987438893,2,,,92.523,107.0,10^-49.4931,,,,,,,,,,,,,,,,,,0
173362,1,43668,Brachybacterium paraconglomeratum,"",bacteria,false,,,,,,,,,,,,,,,,0.557396098115834,3,,,98.85,41.5,10^-17.0993,,,,,,0
42255,2,42255,Rubrobacter,"",bacteria,false,,,,,,,,,,,,,,,,0.3715973987438893,2,,,80.9,49.5,10^-18.6847,,,,,"[2653851, 2036010]",0
2653851,1,42255,Rubrobacter tropicus,"",bacteria,false,,,,,,,,,,,,,,,,0.18579869937194465,1,,,70.0,50.0,10^-14.9245,,,,,,0
2036010,1,42255,Rubrobacter sp.,"",bacteria,false,,,,,,,,,,,,,,,,0.18579869937194465,1,,,91.8,49.0,10^-22.4449,,,,,,0
41275,2,41275,Brevundimonas,"",bacteria,false,,,,0.18579869937194465,1,,,87.302,126.0,10^-51.4807,,,,,,,,,,,,,,,,,[2561924],0
2561924,1,41275,Brevundimonas sp. MF30-B,"",bacteria,false,,,,0.18579869937194465,1,,,87.302,126.0,10^-51.4807,,,,,,,,,,,,,,,,,,0
40323,2,40323,Stenotrophomonas,"",bacteria,false,,,,0.18579869937194465,1,,,100.0,151.0,10^-90.5147,,,,,,,,,,,,,,,,,[40324],1
40324,1,40323,Stenotrophomonas maltophilia,"",bacteria,false,,,,0.18579869937194465,1,,,100.0,151.0,10^-90.5147,,,,,,,,,,,,,,,,,,1
33882,2,33882,Microbacterium,"",bacteria,false,,,,,,,,,,,,,,,,0.7431947974877786,4,,,90.9,23.6667,10^-5.99159,,,,,"[2851646, 2493084, 51671]",0
2851646,1,33882,Microbacterium galbinum,"",bacteria,false,,,,,,,,,,,,,,,,0.18579869937194465,1,,,100.0,27.0,10^-7.92445,,,,,,0
2493084,1,33882,Microbacterium sp. CPCC 204701,"",bacteria,false,,,,,,,,,,,,,,,,0.18579869937194465,1,,,81.8,22.0,10^-4.61261,,,,,,0
51671,1,33882,Microbacterium sp.,"",bacteria,false,,,,,,,,,,,,,,,,0.3715973987438893,2,,,90.9,22.0,10^-5.43771,,,,,,0
32012,2,32012,Thiomonas,"",bacteria,false,,,,,,,,,,,,,,,,0.18579869937194465,1,,,96.0,25.0,10^-6.30103,,,,,[364030],0
364030,1,32012,Thiomonas delicata,"",bacteria,false,,,,,,,,,,,,,,,,0.18579869937194465,1,,,96.0,25.0,10^-6.30103,,,,,,0
32008,2,32008,Burkholderia,"",bacteria,false,,,,0.9289934968597233,5,,,92.2425,108.25,10^-50.0171,,,,,,0.3715973987438893,2,,,79.15,42.0,10^-12.6262,,,,,"[1503054, 488447, 87883, 28095, 337]",0
1503054,1,32008,Burkholderia stagnalis,"",bacteria,false,,,,,,,,,,,,,,,,0.18579869937194465,1,,,75.0,48.0,10^-14.7423,,,,,,0
488447,1,32008,Burkholderia contaminans,"",bacteria,false,,,,0.557396098115834,3,,,100.0,112.5,10^-64.2514,,,,,,,,,,,,,,,,,,0
87883,1,32008,Burkholderia multivorans,"",bacteria,false,,,,,,,,,,,,,,,,0.18579869937194465,1,,,83.3,36.0,10^-10.51,,,,,,0
28095,1,32008,Burkholderia gladioli,"",bacteria,false,,,,0.18579869937194465,1,,,79.279,111.0,10^-31.6364,,,,,,,,,,,,,,,,,,0
337,1,32008,Burkholderia glumae,"",bacteria,false,,,,0.18579869937194465,1,,,89.691,97.0,10^-39.9292,,,,,,,,,,,,,,,,,,0
29404,2,29404,Microlunatus,"",bacteria,false,,,,0.3715973987438893,2,,,92.0485,150.5,10^-73.7046,,,,,,0.18579869937194465,1,,,100.0,49.0,10^-19.6819,,,,,"[2672569, 546874]",0
2672569,1,29404,Microlunatus sp. Gsoil 973,"",bacteria,false,,,,0.18579869937194465,1,,,85.43,151.0,10^-60.3225,,,,,,,,,,,,,,,,,,0
546874,1,29404,Microlunatus sagamiharensis,"",bacteria,false,,,,0.18579869937194465,1,,,98.667,150.0,10^-87.0866,,,,,,0.18579869937194465,1,,,100.0,49.0,10^-19.6819,,,,,,0
28065,2,28065,Rhodoferax,"",bacteria,false,,,,0.18579869937194465,1,,,78.505,107.0,10^-28.9076,,,,,,,,,,,,,,,,,[1842727],0
1842727,1,28065,Rhodoferax koreense,"",bacteria,false,,,,0.18579869937194465,1,,,78.505,107.0,10^-28.9076,,,,,,,,,,,,,,,,,,0
13687,2,13687,Sphingomonas,"",bacteria,false,,,,1.114792196231668,6,,,90.0628,99.0,10^-40.9752,,,,,,0.9289934968597233,5,,,92.5,49.0,10^-19.1912,,,,,"[2907998, 2899123, 2804617, 2320861, 1176646, 158754, 152682]",0
2907998,1,13687,Sphingomonas telluris,"",bacteria,false,,,,,,,,,,,,,,,,0.557396098115834,3,,,87.8,49.0,10^-14.8477,,,,,,0
2899123,1,13687,Sphingomonas cannabina,"",bacteria,false,,,,0.18579869937194465,1,,,93.333,75.0,10^-31.8067,,,,,,,,,,,,,,,,,,0
2804617,1,13687,Sphingomonas sp. LHG3406-1,"",bacteria,false,,,,0.18579869937194465,1,,,88.806,134.0,10^-58.3158,,,,,,,,,,,,,,,,,,0
2320861,1,13687,Sphingomonas cavernae,"",bacteria,false,,,,,,,,,,,,,,,,0.18579869937194465,1,,,91.7,48.0,10^-18.6003,,,,,,0
1176646,1,13687,Sphingomonas daechungensis,"",bacteria,false,,,,0.557396098115834,3,,,88.281,128.0,10^-54.2186,,,,,,,,,,,,,,,,,,0
158754,1,13687,uncultured Sphingomonas sp.,"",bacteria,false,,,,,,,,,,,,,,,,0.18579869937194465,1,,,98.0,50.0,10^-24.1255,,,,,,0
152682,1,13687,Sphingomonas melonis,"",bacteria,false,,,,0.18579869937194465,1,,,89.831,59.0,10^-19.5595,,,,,,,,,,,,,,,,,,0
11646,2,11646,Lentivirus,"",viruses,false,,,,4.273370085554727,23,,,98.618,120.167,10^-66.5141,,,,,,3.9017726868108378,21,,,99.6,44.2,10^-20.9284,,,,,[11676],0
11676,1,11646,Human immunodeficiency virus 1,"",viruses,false,,,,4.273370085554727,23,,,98.618,120.167,10^-66.5141,,,,,,3.9017726868108378,21,,,99.6,44.2,10^-20.9284,,,,,,0
10509,2,10509,Mastadenovirus,"",viruses,false,,,,1.3005908956036125,7,,,99.468,94.0,10^-50.9218,,,,,,1.3005908956036125,7,,,100.0,30.0,10^-10.6253,,,,,[108098],1
108098,1,10509,Human mastadenovirus B,"",viruses,false,,,,1.3005908956036125,7,,,99.468,94.0,10^-50.9218,,,,,,1.3005908956036125,7,,,100.0,30.0,10^-10.6253,,,,,,1
10375,2,10375,Lymphocryptovirus,"",viruses,false,,,,2.601181791207225,14,,,99.299,71.5,10^-35.6019,,,,,,2.601181791207225,14,,,98.875,23.5,10^-4.77643,,,,,[3050299],1
3050299,1,10375,Lymphocryptovirus humangamma4,"",viruses,false,,,,2.601181791207225,14,,,99.299,71.5,10^-35.6019,,,,,,2.601181791207225,14,,,98.875,23.5,10^-4.77643,,,,,,1
10358,2,10358,Cytomegalovirus,"",viruses,false,,,,0.557396098115834,3,,,99.5,100.0,10^-55.012,,,,,,0.557396098115834,3,,,100.0,32.0,10^-11.0794,,,,,[3050295],1
3050295,1,10358,Cytomegalovirus humanbeta5,"",viruses,false,,,,0.557396098115834,3,,,99.5,100.0,10^-55.012,,,,,,0.557396098115834,3,,,100.0,32.0,10^-11.0794,,,,,,1
10319,2,10319,Varicellovirus,"",viruses,false,,,,43.84849305177894,236,,,99.2727,63.974,10^-30.5257,,,,,,25.826019212700306,139,,,98.0286,24.7714,10^-6.3369,,,,,"[3050294, 3050257]",1
3050294,1,10319,Varicellovirus humanalpha3,"",viruses,false,,,,43.84849305177894,236,,,99.2727,63.974,10^-30.5257,,,,,,23.22483742149308,125,,,98.9147,24.6765,10^-6.40614,,,,,,1
3050257,1,10319,Varicellovirus cercopithecinealpha9,"",viruses,false,,,,,,,,,,,,,,,,2.601181791207225,14,,,67.9,28.0,10^-3.98297,,,,,,0
10294,2,10294,Simplexvirus,"",viruses,false,,,,3.344376588695004,18,,,99.8737,72.5,10^-36.7758,,,,,,,,,,,,,,,,,[3050293],1
3050293,1,10294,Simplexvirus humanalpha2,"",viruses,false,,,,3.344376588695004,18,,,99.8737,72.5,10^-36.7758,,,,,,,,,,,,,,,,,,1
10242,2,10242,Orthopoxvirus,"",viruses,false,,,,3.5301752880669484,19,,,99.7355,75.5,10^-38.5783,,,,,,2.9727791899511145,16,,,92.26,26.8,10^-6.79004,,,,,"[10245, 10244, 10243]",3
10245,1,10242,Vaccinia virus,"",viruses,false,,,,,,,,,,,,,,,,0.7431947974877786,4,,,63.9,36.0,10^-4.67572,,,,,,1
10244,1,10242,Monkeypox virus,"",viruses,false,,,,1.3005908956036125,7,,,100.0,75.5,10^-39.0563,,,,,,2.229584392463336,12,,,99.35,24.5,10^-7.31862,,,,,,1
10243,1,10242,Cowpox virus,"",viruses,false,,,,2.229584392463336,12,,,99.6032,75.5,10^-38.3393,,,,,,,,,,,,,,,,,,1
5533,2,5533,Rhodotorula,"",eukaryota,false,,,,0.18579869937194465,1,,,85.034,147.0,10^-57.5894,,,,,,0.18579869937194465,1,,,90.7,43.0,10^-5.76955,,,,,[5286],0
5286,1,5533,Rhodotorula toruloides,"",eukaryota,false,,,,0.18579869937194465,1,,,85.034,147.0,10^-57.5894,,,,,,0.18579869937194465,1,,,90.7,43.0,10^-5.76955,,,,,,0
5052,2,5052,Aspergillus,"",eukaryota,false,,,,0.7431947974877786,4,,,98.272,100.5,10^-54.0504,,,,,,0.7431947974877786,4,,,97.425,41.5,10^-16.7464,,,,,"[396024, 319627, 41413, 41062]",0
396024,1,5052,Aspergillus ruber,"",eukaryota,false,,,,0.3715973987438893,2,,,99.669,150.5,10^-88.8006,,,,,,0.18579869937194465,1,,,98.0,50.0,10^-21.4828,,,,,,0
319627,1,5052,Aspergillus sclerotioniger,"",eukaryota,false,,,,0.18579869937194465,1,,,93.75,64.0,10^-25.6999,,,,,,,,,,,,,,,,,,0
41413,1,5052,Aspergillus glaucus,"",eukaryota,false,,,,0.18579869937194465,1,,,100.0,37.0,10^-12.9003,,,,,,0.3715973987438893,2,,,95.85,48.5,10^-21.1674,,,,,,0
41062,1,5052,Aspergillus leporis,"",eukaryota,false,,,,,,,,,,,,,,,,0.18579869937194465,1,,,100.0,19.0,10^-3.16813,,,,,,0
4842,2,4842,Rhizopus,"",eukaryota,false,,,,,,,,,,,,,,,,0.18579869937194465,1,,,100.0,50.0,10^-26.0092,,,,,[64495],1
64495,1,4842,Rhizopus arrhizus,"",eukaryota,false,,,,,,,,,,,,,,,,0.18579869937194465,1,,,100.0,50.0,10^-26.0092,,,,,,1
4575,2,4575,Zea,"",eukaryota,false,,,,1.114792196231668,6,,,96.7884,126.8,10^-67.6789,,,,,,0.557396098115834,3,,,85.2333,40.0,10^-13.6303,,,,,[4577],0
4577,1,4575,Zea mays,"",eukaryota,false,,,,1.114792196231668,6,,,96.7884,126.8,10^-67.6789,,,,,,0.557396098115834,3,,,85.2333,40.0,10^-13.6303,,,,,,0
4564,2,4564,Triticum,"",eukaryota,false,,,,0.7431947974877786,4,,,96.3335,93.0,10^-43.4807,,,,,,,,,,,,,,,,,[4565],0
4565,1,4564,Triticum aestivum,bread wheat,eukaryota,false,,,,0.7431947974877786,4,,,96.3335,93.0,10^-43.4807,,,,,,,,,,,,,,,,,,0
2053,2,2053,Gordonia,"",bacteria,false,,,,,,,,,,,,,,,,0.18579869937194465,1,,,78.8,33.0,10^-7.4698,,,,,[84139],0
84139,1,2053,Gordonia sp. (in: high G+C Gram-positive bacteria),"",bacteria,false,,,,,,,,,,,,,,,,0.18579869937194465,1,,,78.8,33.0,10^-7.4698,,,,,,0
1998,2,1998,Planomonospora,"",bacteria,false,,,,,,,,,,,,,,,,0.18579869937194465,1,,,64.6,48.0,10^-10.4711,,,,,[2738136],0
2738136,1,1998,Planomonospora sp. ID82291,"",bacteria,false,,,,,,,,,,,,,,,,0.18579869937194465,1,,,64.6,48.0,10^-10.4711,,,,,,0
1883,2,1883,Streptomyces,"",bacteria,false,,,,0.557396098115834,3,,,92.8485,104.0,10^-48.1827,,,,,,,,,,,,,,,,,"[1904616, 1915]",0
1904616,1,1883,Streptomyces fodineus,"",bacteria,false,,,,0.18579869937194465,1,,,92.982,57.0,10^-20.9469,,,,,,,,,,,,,,,,,,0
1915,1,1883,Streptomyces lincolnensis,"",bacteria,false,,,,0.3715973987438893,2,,,92.715,151.0,10^-75.4186,,,,,,,,,,,,,,,,,,0
1873,2,1873,Micromonospora,"",bacteria,false,,,,0.18579869937194465,1,,,95.833,48.0,10^-17.5906,,,,,,,,,,,,,,,,,[1003110],0
1003110,1,1873,Micromonospora maris,"",bacteria,false,,,,0.18579869937194465,1,,,95.833,48.0,10^-17.5906,,,,,,,,,,,,,,,,,,0
1865,2,1865,Actinoplanes,"",bacteria,false,,,,,,,,,,,,,,,,0.18579869937194465,1,,,90.2,41.0,10^-11.5482,,,,,[1036182],0
1036182,1,1865,Actinoplanes atraurantiacus,"",bacteria,false,,,,,,,,,,,,,,,,0.18579869937194465,1,,,90.2,41.0,10^-11.5482,,,,,,0
1860,2,1860,Geodermatophilus,"",bacteria,false,,,,,,,,,,,,,,,,0.557396098115834,3,,,100.0,49.0,10^-25.6144,,,,,[1861],0
1861,1,1860,Geodermatophilus obscurus,"",bacteria,false,,,,,,,,,,,,,,,,0.557396098115834,3,,,100.0,49.0,10^-25.6144,,,,,,0
1839,2,1839,Nocardioides,"",bacteria,false,,,,1.3005908956036125,7,,,91.4602,91.0,10^-37.4803,,,,,,1.4863895949755572,8,,,97.6571,32.2857,10^-10.9063,,,,,"[3043848, 2975053, 2950279, 2898796, 2895565, 2894081, 2761101, 2714939, 2518371, 2486272, 60489]",0
3043848,1,1839,Nocardioides sp. L-11A,"",bacteria,false,,,,0.18579869937194465,1,,,95.455,44.0,10^-14.8836,,,,,,,,,,,,,,,,,,0
2975053,1,1839,Nocardioides pini,"",bacteria,false,,,,,,,,,,,,,,,,0.3715973987438893,2,,,97.75,24.0,10^-5.65827,,,,,,0
2950279,1,1839,Nocardioides pinisoli,"",bacteria,false,,,,,,,,,,,,,,,,0.18579869937194465,1,,,100.0,41.0,10^-14.6968,,,,,,0
2898796,1,1839,Nocardioides sp. cx-173,"",bacteria,false,,,,0.18579869937194465,1,,,83.516,91.0,10^-28.9779,,,,,,,,,,,,,,,,,,0
2895565,1,1839,Nocardioides sp. B-3,"",bacteria,false,,,,0.18579869937194465,1,,,93.893,131.0,10^-64.5013,,,,,,,,,,,,,,,,,,0
2894081,1,1839,Nocardioides okcheonensis,"",bacteria,false,,,,0.18579869937194465,1,,,86.179,123.0,10^-48.0603,,,,,,,,,,,,,,,,,,0
2761101,1,1839,Nocardioides luti,"",bacteria,false,,,,,,,,,,,,,,,,0.18579869937194465,1,,,97.1,34.0,10^-9.69897,,,,,,0
2714939,1,1839,Nocardioides sp. HDW12B,"",bacteria,false,,,,,,,,,,,,,,,,0.18579869937194465,1,,,95.5,44.0,10^-19.585,,,,,,0
2518371,1,1839,Nocardioides seonyuensis,"",bacteria,false,,,,0.3715973987438893,2,,,91.892,111.0,10^-50.8496,,,,,,0.3715973987438893,2,,,100.0,37.0,10^-13.4214,,,,,,0
2486272,1,1839,Nocardioides sp. WS12,"",bacteria,false,,,,0.18579869937194465,1,,,97.826,46.0,10^-17.6091,,,,,,,,,,,,,,,,,,0
60489,1,1839,Nocardioides nitrophenolicus,"",bacteria,false,,,,,,,,,,,,,,,,0.18579869937194465,1,,,95.5,22.0,10^-7.62525,,,,,,0
1835,2,1835,Saccharopolyspora,"",bacteria,false,,,,0.557396098115834,3,,,95.918,49.0,10^-18.2678,,,,,,,,,,,,,,,,,[1836],0
1836,1,1835,Saccharopolyspora erythraea,"",bacteria,false,,,,0.557396098115834,3,,,95.918,49.0,10^-18.2678,,,,,,,,,,,,,,,,,,0
1827,2,1827,Rhodococcus,"",bacteria,false,,,,,,,,,,,,,,,,0.557396098115834,3,,,89.55,43.0,10^-16.0766,,,,,[183556],0
183556,1,1827,Rhodococcus maanshanensis,"",bacteria,false,,,,,,,,,,,,,,,,0.557396098115834,3,,,89.55,43.0,10^-16.0766,,,,,,0
1817,2,1817,Nocardia,"",bacteria,false,,,,0.18579869937194465,1,,,97.368,38.0,10^-12.2026,,,,,,0.3715973987438893,2,,,100.0,19.0,10^-4.30103,,,,,"[209247, 1823]",1
209247,1,1817,Nocardia yamanashiensis,"",bacteria,false,,,,0.18579869937194465,1,,,97.368,38.0,10^-12.2026,,,,,,,,,,,,,,,,,,0
1823,1,1817,Nocardia otitidiscaviarum,"",bacteria,false,,,,,,,,,,,,,,,,0.3715973987438893,2,,,100.0,19.0,10^-4.30103,,,,,,1
1813,2,1813,Amycolatopsis,"",bacteria,false,,,,0.18579869937194465,1,,,97.368,38.0,10^-12.2026,,,,,,,,,,,,,,,,,[715473],0
715473,1,1813,Amycolatopsis acidiphila,"",bacteria,false,,,,0.18579869937194465,1,,,97.368,38.0,10^-12.2026,,,,,,,,,,,,,,,,,,0
1763,2,1763,Mycobacterium,"",bacteria,false,,,,2.601181791207225,14,,,92.7585,104.182,10^-47.9602,,,,,,3.5301752880669484,19,,,99.7154,36.7692,10^-15.2662,,,,,"[2099693, 1879023, 1719132, 1389713, 590652, 43348, 1785, 1778, 1775, 1773]",1
2099693,1,1763,Mycobacterium sp. ITM-2016-00318,"",bacteria,false,,,,,,,,,,,,,,,,0.18579869937194465,1,,,100.0,50.0,10^-25.0964,,,,,,0
1879023,1,1763,Mycobacterium sp. djl-10,"",bacteria,false,,,,0.3715973987438893,2,,,94.737,95.0,10^-45.4277,,,,,,,,,,,,,,,,,,0
1719132,1,1763,Mycobacterium vicinigordonae,"",bacteria,false,,,,0.18579869937194465,1,,,88.393,112.0,10^-46.0424,,,,,,,,,,,,,,,,,,0
1389713,1,1763,Mycobacterium paragordonae,"",bacteria,false,,,,0.18579869937194465,1,,,93.75,112.0,10^-54.2766,,,,,,,,,,,,,,,,,,0
590652,1,1763,Mycobacterium paraseoulense,"",bacteria,false,,,,0.18579869937194465,1,,,94.444,54.0,10^-20.2842,,,,,,,,,,,,,,,,,,0
43348,1,1763,Mycobacterium branderi,"",bacteria,false,,,,0.18579869937194465,1,,,93.684,95.0,10^-44.0553,,,,,,,,,,,,,,,,,,0
1785,1,1763,Mycobacterium sp.,"",bacteria,false,,,,,,,,,,,,,,,,1.3005908956036125,7,,,100.0,35.2,10^-14.4722,,,,,,0
1778,1,1763,Mycobacterium gordonae,"",bacteria,false,,,,1.3005908956036125,7,,,93.4914,109.2,10^-52.3796,,,,,,0.7431947974877786,4,,,99.075,40.5,10^-17.2383,,,,,,0
1775,1,1763,Mycobacterium cookii,"",bacteria,false,,,,0.18579869937194465,1,,,87.879,132.0,10^-55.5776,,,,,,,,,,,,,,,,,,0
1773,1,1763,Mycobacterium tuberculosis,"",bacteria,false,,,,,,,,,,,,,,,,1.3005908956036125,7,,,100.0,30.0,10^-10.6831,,,,,,1
1716,2,1716,Corynebacterium,"",bacteria,false,,,,0.18579869937194465,1,,,97.351,151.0,10^-85.0252,,,,,,0.18579869937194465,1,,,100.0,45.0,10^-19.2573,,,,,"[2918195, 2735136]",0
2918195,1,1716,Corynebacterium sp. ACRQP,"",bacteria,false,,,,,,,,,,,,,,,,0.18579869937194465,1,,,100.0,45.0,10^-19.2573,,,,,,0
2735136,1,1716,Corynebacterium wankanglinii,"",bacteria,false,,,,0.18579869937194465,1,,,97.351,151.0,10^-85.0252,,,,,,,,,,,,,,,,,,0
1707,2,1707,Cellulomonas,"",bacteria,false,,,,0.557396098115834,3,,,90.833,120.0,10^-54.2466,,,,,,0.3715973987438893,2,,,83.7,49.0,10^-14.6737,,,,,"[2591145, 189682]",0
2591145,1,1707,Cellulomonas sp. Y8,"",bacteria,false,,,,0.557396098115834,3,,,90.833,120.0,10^-54.2466,,,,,,,,,,,,,,,,,,0
189682,1,1707,uncultured Cellulomonas sp.,"",bacteria,false,,,,,,,,,,,,,,,,0.3715973987438893,2,,,83.7,49.0,10^-14.6737,,,,,,0
1696,2,1696,Brevibacterium,"",bacteria,false,,,,0.7431947974877786,4,,,100.0,53.0,10^-23.7232,,,,,,0.18579869937194465,1,,,100.0,47.0,10^-23.5376,,,,,"[2838516, 33889]",0
2838516,1,1696,Candidatus Brevibacterium intestinigallinarum,"",bacteria,false,,,,,,,,,,,,,,,,0.18579869937194465,1,,,100.0,47.0,10^-23.5376,,,,,,0
33889,1,1696,Brevibacterium casei,"",bacteria,false,,,,0.7431947974877786,4,,,100.0,53.0,10^-23.7232,,,,,,,,,,,,,,,,,,0
1663,2,1663,Arthrobacter,"",bacteria,false,,,,0.557396098115834,3,,,96.8043,134.0,10^-73.4136,,,,,,0.7431947974877786,4,,,89.325,47.75,10^-18.6518,,,,,"[3047074, 1736400, 904039, 683150, 156980]",0
3047074,1,1663,Arthrobacter sp. KFRI-F3372,"",bacteria,false,,,,0.18579869937194465,1,,,100.0,151.0,10^-90.5147,,,,,,,,,,,,,,,,,,0
1736400,1,1663,Arthrobacter sp. Soil761,"",bacteria,false,,,,,,,,,,,,,,,,0.18579869937194465,1,,,67.3,49.0,10^-9.93181,,,,,,0
904039,1,1663,Arthrobacter sp. NEB 688,"",bacteria,false,,,,0.18579869937194465,1,,,92.0,125.0,10^-59.0322,,,,,,,,,,,,,,,,,,0
683150,1,1663,Arthrobacter nitrophenolicus,"",bacteria,false,,,,,,,,,,,,,,,,0.3715973987438893,2,,,95.0,50.0,10^-23.5196,,,,,,0
156980,1,1663,Arthrobacter woluwensis,"",bacteria,false,,,,0.18579869937194465,1,,,98.413,126.0,10^-70.6939,,,,,,0.18579869937194465,1,,,100.0,42.0,10^-17.6364,,,,,,0
1654,2,1654,Actinomyces,"",bacteria,false,,,,0.18579869937194465,1,,,98.058,103.0,10^-54.9992,,,,,,0.18579869937194465,1,,,90.9,33.0,10^-8.34294,,,,,[544580],0
544580,1,1654,Actinomyces oris,"",bacteria,false,,,,0.18579869937194465,1,,,98.058,103.0,10^-54.9992,,,,,,0.18579869937194465,1,,,90.9,33.0,10^-8.34294,,,,,,0
1350,2,1350,Enterococcus,"",bacteria,false,,,,,,,,,,,,,,,,0.18579869937194465,1,,,72.5,40.0,10^-10.0,,,,,[1351],1
1351,1,1350,Enterococcus faecalis,"",bacteria,false,,,,,,,,,,,,,,,,0.18579869937194465,1,,,72.5,40.0,10^-10.0,,,,,,1
1279,2,1279,Staphylococcus,"",bacteria,false,,,,0.557396098115834,3,,,100.0,84.5,10^-45.2138,,,,,,0.557396098115834,3,,,95.85,25.0,10^-6.14399,,,,,"[1282, 1280]",2
1282,1,1279,Staphylococcus epidermidis,"",bacteria,false,,,,0.557396098115834,3,,,100.0,84.5,10^-45.2138,,,,,,0.18579869937194465,1,,,96.7,30.0,10^-7.64016,,,,,,1
1280,1,1279,Staphylococcus aureus,"",bacteria,false,,,,,,,,,,,,,,,,0.3715973987438893,2,,,95.0,20.0,10^-4.64782,,,,,,1
1269,2,1269,Micrococcus,"",bacteria,false,,,,0.18579869937194465,1,,,99.219,128.0,10^-73.4318,,,,,,0.3715973987438893,2,,,100.0,45.0,10^-21.4357,,,,,"[574650, 455343, 1270]",0
574650,1,1269,Micrococcus terreus,"",bacteria,false,,,,,,,,,,,,,,,,0.18579869937194465,1,,,100.0,48.0,10^-24.0017,,,,,,0
455343,1,1269,Micrococcus endophyticus,"",bacteria,false,,,,,,,,,,,,,,,,0.18579869937194465,1,,,100.0,42.0,10^-18.8697,,,,,,0
1270,1,1269,Micrococcus luteus,"",bacteria,false,,,,0.18579869937194465,1,,,99.219,128.0,10^-73.4318,,,,,,,,,,,,,,,,,,0
1111,2,1111,Porphyrobacter,"",bacteria,false,,,,0.18579869937194465,1,,,92.308,104.0,10^-47.4469,,,,,,,,,,,,,,,,,[2023229],0
2023229,1,1111,Porphyrobacter sp. HT-58-2,"",bacteria,false,,,,0.18579869937194465,1,,,92.308,104.0,10^-47.4469,,,,,,,,,,,,,,,,,,0
1073,2,1073,Rhodopseudomonas,"",bacteria,false,,,,0.18579869937194465,1,,,87.879,66.0,10^-21.5694,,,,,,,,,,,,,,,,,[1076],0
1076,1,1073,Rhodopseudomonas palustris,"",bacteria,false,,,,0.18579869937194465,1,,,87.879,66.0,10^-21.5694,,,,,,,,,,,,,,,,,,0
1060,2,1060,Rhodobacter,"",bacteria,false,,,,,,,,,,,,,,,,0.18579869937194465,1,,,97.5,40.0,10^-17.0195,,,,,[2852097],0
2852097,1,1060,Rhodobacter amnigenus,"",bacteria,false,,,,,,,,,,,,,,,,0.18579869937194465,1,,,97.5,40.0,10^-17.0195,,,,,,0
914,2,914,Nitrosomonas,"",bacteria,false,,,,,,,,,,,,,,,,0.18579869937194465,1,,,75.8,33.0,10^-5.77728,,,,,[44574],0
44574,1,914,Nitrosomonas communis,"",bacteria,false,,,,,,,,,,,,,,,,0.18579869937194465,1,,,75.8,33.0,10^-5.77728,,,,,,0
816,2,816,Bacteroides,"",bacteria,false,,,,,,,,,,,,,,,,0.3715973987438893,2,,,61.1,36.0,10^-5.15989,,,,,[338188],0
338188,1,816,Bacteroides finegoldii,"",bacteria,false,,,,,,,,,,,,,,,,0.3715973987438893,2,,,61.1,36.0,10^-5.15989,,,,,,0
810,2,810,Chlamydia,"",bacteria,false,,,,,,,,,,,,,,,,2.043785693091391,11,,,80.0667,45.5,10^-18.107,,,,,"[83554, 813]",2
83554,1,810,Chlamydia psittaci,"",bacteria,false,,,,,,,,,,,,,,,,0.18579869937194465,1,,,66.7,30.0,10^-5.3363,,,,,,1
813,1,810,Chlamydia trachomatis,"",bacteria,false,,,,,,,,,,,,,,,,1.8579869937194466,10,,,82.74,48.6,10^-20.6612,,,,,,1
642,2,642,Aeromonas,"",bacteria,false,,,,0.3715973987438893,2,,,100.0,135.0,10^-79.5843,,,,,,0.3715973987438893,2,,,100.0,44.0,10^-21.2782,,,,,[648],1
648,1,642,Aeromonas caviae,"",bacteria,false,,,,0.3715973987438893,2,,,100.0,135.0,10^-79.5843,,,,,,0.3715973987438893,2,,,100.0,44.0,10^-21.2782,,,,,,1
620,2,620,Shigella,"",bacteria,false,,,,0.18579869937194465,1,,,90.066,151.0,10^-69.9291,,,,,,0.18579869937194465,1,,,84.0,50.0,10^-18.5467,,,,,[624],1
624,1,620,Shigella sonnei,"",bacteria,false,,,,0.18579869937194465,1,,,90.066,151.0,10^-69.9291,,,,,,0.18579869937194465,1,,,84.0,50.0,10^-18.5467,,,,,,1
590,2,590,Salmonella,"",bacteria,false,,,,,,,,,,,,,,,,0.557396098115834,3,,,74.8333,35.6667,10^-7.88302,,,,,[28901],1
28901,1,590,Salmonella enterica,"",bacteria,false,,,,,,,,,,,,,,,,0.557396098115834,3,,,74.8333,35.6667,10^-7.88302,,,,,,1
570,2,570,Klebsiella,"",bacteria,false,,,,0.18579869937194465,1,,,100.0,124.0,10^-72.0732,,,,,,99.58810286336234,536,1,531,98.5329,271.808,10^-304.909,,,,,"[1463165, 573]",1
1463165,1,570,Klebsiella quasipneumoniae,"",bacteria,false,,,,0.18579869937194465,1,,,100.0,124.0,10^-72.0732,,,,,,,,,,,,,,,,,,0
573,1,570,Klebsiella pneumoniae,"",bacteria,false,,,,,,,,,,,,,,,,99.58810286336234,536,1,531,98.5329,271.808,10^-304.909,,,,,,1
561,2,561,Escherichia,"",bacteria,false,,,,128.75849866475764,693,3,653,98.6857,667.188,10^-270.455,,,,,,17.093480342218907,92,1,51,99.3278,43.8333,10^-23.9792,,,,,[562],1
562,1,561,Escherichia coli,"",bacteria,false,,,,128.75849866475764,693,3,653,98.6857,667.188,10^-270.455,,,,,,17.093480342218907,92,1,51,99.3278,43.8333,10^-23.9792,,,,,,1
469,2,469,Acinetobacter,"",bacteria,false,,,,,,,,,,,,,,,,0.18579869937194465,1,,,100.0,41.0,10^-21.0937,,,,,[108980],0
108980,1,469,Acinetobacter ursingii,"",bacteria,false,,,,,,,,,,,,,,,,0.18579869937194465,1,,,100.0,41.0,10^-21.0937,,,,,,0
407,2,407,Methylobacterium,"",bacteria,false,,,,0.18579869937194465,1,,,87.681,138.0,10^-58.3031,,,,,,0.18579869937194465,1,,,100.0,45.0,10^-18.7235,,,,,"[2836549, 269660]",0
2836549,1,407,Methylobacterium sp. E-005,"",bacteria,false,,,,,,,,,,,,,,,,0.18579869937194465,1,,,100.0,45.0,10^-18.7235,,,,,,0
269660,1,407,Methylobacterium brachiatum,"",bacteria,false,,,,0.18579869937194465,1,,,87.681,138.0,10^-58.3031,,,,,,,,,,,,,,,,,,0
379,2,379,Rhizobium,"",bacteria,false,,,,,,,,,,,,,,,,0.18579869937194465,1,,,64.1,39.0,10^-4.43771,,,,,[1076926],0
1076926,1,379,Rhizobium laguerreae,"",bacteria,false,,,,,,,,,,,,,,,,0.18579869937194465,1,,,64.1,39.0,10^-4.43771,,,,,,0
338,2,338,Xanthomonas,"",bacteria,false,,,,0.18579869937194465,1,,,93.077,130.0,10^-63.8185,,,,,,0.18579869937194465,1,,,100.0,44.0,10^-18.9706,,,,,"[2971235, 56458]",0
2971235,1,338,Xanthomonas sp. CFBP 8443,"",bacteria,false,,,,0.18579869937194465,1,,,93.077,130.0,10^-63.8185,,,,,,,,,,,,,,,,,,0
56458,1,338,Xanthomonas sacchari,"",bacteria,false,,,,,,,,,,,,,,,,0.18579869937194465,1,,,100.0,44.0,10^-18.9706,,,,,,0
286,2,286,Pseudomonas,"",bacteria,false,,,,0.7431947974877786,4,,,96.1465,119.5,10^-62.8317,,,,,,1.4863895949755572,8,,,88.88,43.2,10^-16.5344,,,,,"[2219225, 150396, 306, 303, 287]",2
2219225,1,286,Pseudomonas asiatica,"",bacteria,false,,,,0.18579869937194465,1,,,100.0,95.0,10^-52.2895,,,,,,0.18579869937194465,1,,,100.0,31.0,10^-9.87615,,,,,,0
150396,1,286,Pseudomonas sp. MT-1,"",bacteria,false,,,,0.18579869937194465,1,,,86.325,117.0,10^-45.3372,,,,,,,,,,,,,,,,,,0
306,1,286,Pseudomonas sp.,"",bacteria,false,,,,,,,,,,,,,,,,0.557396098115834,3,,,100.0,50.0,10^-26.6925,,,,,,0
303,1,286,Pseudomonas putida,"",bacteria,false,,,,,,,,,,,,,,,,0.3715973987438893,2,,,50.0,50.0,10^-9.15677,,,,,,1
287,1,286,Pseudomonas aeruginosa,"",bacteria,false,,,,0.3715973987438893,2,,,99.1305,133.0,10^-76.8501,,,,,,0.3715973987438893,2,,,97.2,42.5,10^-18.4732,,,,,,1
283,2,283,Comamonas,"",bacteria,false,,,,0.18579869937194465,1,,,100.0,142.0,10^-84.3657,,,,,,0.18579869937194465,1,,,100.0,47.0,10^-20.0953,,,,,[225991],0
225991,1,283,Comamonas aquatica,"",bacteria,false,,,,0.18579869937194465,1,,,100.0,142.0,10^-84.3657,,,,,,0.18579869937194465,1,,,100.0,47.0,10^-20.0953,,,,,,0
270,2,270,Thermus,"",bacteria,false,,,,0.3715973987438893,2,,,98.63,146.0,10^-84.3536,,,,,,0.3715973987438893,2,,,100.0,23.0,10^-3.96658,,,,,[56957],0
56957,1,270,Thermus oshimai,"",bacteria,false,,,,0.3715973987438893,2,,,98.63,146.0,10^-84.3536,,,,,,0.3715973987438893,2,,,100.0,23.0,10^-3.96658,,,,,,0
265,2,265,Paracoccus,"",bacteria,false,,,,2.229584392463336,12,,,97.176,116.75,10^-62.5152,,,,,,1.8579869937194466,10,,,99.7143,41.7143,10^-18.7207,,,,,"[2589076, 2560053, 2500532, 1966466, 1795310, 1569209, 1545044, 59779]",0
2589076,1,265,Paracoccus sp. AK26,"",bacteria,false,,,,0.557396098115834,3,,,98.3335,149.5,10^-85.3726,,,,,,0.18579869937194465,1,,,98.0,49.0,10^-22.0101,,,,,,0
2560053,1,265,Paracoccus liaowanqingii,"",bacteria,false,,,,0.18579869937194465,1,,,92.623,122.0,10^-58.3566,,,,,,,,,,,,,,,,,,0
2500532,1,265,Paracoccus sp. Arc7-R13,"",bacteria,false,,,,0.3715973987438893,2,,,97.262,92.0,10^-46.8142,,,,,,,,,,,,,,,,,,0
1966466,1,265,Paracoccus aeridis,"",bacteria,false,,,,,,,,,,,,,,,,0.18579869937194465,1,,,100.0,43.0,10^-17.4737,,,,,,0
1795310,1,265,Paracoccus acridae,"",bacteria,false,,,,,,,,,,,,,,,,0.9289934968597233,5,,,100.0,49.0,10^-24.8854,,,,,,0
1569209,1,265,Paracoccus sp. PAMC 22219,"",bacteria,false,,,,,,,,,,,,,,,,0.18579869937194465,1,,,100.0,31.0,10^-14.3224,,,,,,0
1545044,1,265,Paracoccus sanguinis,"",bacteria,false,,,,0.3715973987438893,2,,,98.077,52.0,10^-21.6729,,,,,,,,,,,,,,,,,,0
59779,1,265,Paracoccus marcusii,"",bacteria,false,,,,0.7431947974877786,4,,,97.7585,138.5,10^-77.8593,,,,,,0.3715973987438893,2,,,100.0,35.5,10^-13.7338,,,,,,0
191,2,191,Azospirillum,"",bacteria,false,,,,,,,,,,,,,,,,0.18579869937194465,1,,,63.4,41.0,10^-7.91364,,,,,[192],0
192,1,191,Azospirillum brasilense,"",bacteria,false,,,,,,,,,,,,,,,,0.18579869937194465,1,,,63.4,41.0,10^-7.91364,,,,,,0
81,2,81,Hyphomicrobium,"",bacteria,false,,,,,,,,,,,,,,,,0.3715973987438893,2,,,87.35,47.5,10^-17.2717,,,,,[1892846],0
1892846,1,81,Hyphomicrobium sp. NDB2Meth4,"",bacteria,false,,,,,,,,,,,,,,,,0.3715973987438893,2,,,87.35,47.5,10^-17.2717,,,,,,0
75,2,75,Caulobacter,"",bacteria,false,,,,0.18579869937194465,1,,,94.118,119.0,10^-59.0536,,,,,,,,,,,,,,,,,[366602],0
366602,1,75,Caulobacter sp. K31,"",bacteria,false,,,,0.18579869937194465,1,,,94.118,119.0,10^-59.0536,,,,,,,,,,,,,,,,,,0
68,2,68,Lysobacter,"",bacteria,false,,,,0.18579869937194465,1,,,98.0,150.0,10^-85.7143,,,,,,0.18579869937194465,1,,,100.0,50.0,10^-23.317,,,,,[2764185],0
2764185,1,68,Lysobacter sp. CJ11,"",bacteria,false,,,,0.18579869937194465,1,,,98.0,150.0,10^-85.7143,,,,,,0.18579869937194465,1,,,100.0,50.0,10^-23.317,,,,,,0
53,2,53,Nannocystis,"",bacteria,false,,,,0.3715973987438893,2,,,84.27,89.0,10^-28.9876,,,,,,,,,,,,,,,,,[2995304],0
2995304,1,53,Nannocystis poenicansa,"",bacteria,false,,,,0.3715973987438893,2,,,84.27,89.0,10^-28.9876,,,,,,,,,,,,,,,,,,0
47,2,47,Archangium,"",bacteria,false,,,,0.18579869937194465,1,,,82.955,88.0,10^-26.9339,,,,,,0.3715973987438893,2,,,81.6,49.0,10^-18.7352,,,,,[83451],0
83451,1,47,Archangium violaceum,"",bacteria,false,,,,0.18579869937194465,1,,,82.955,88.0,10^-26.9339,,,,,,0.3715973987438893,2,,,81.6,49.0,10^-18.7352,,,,,,0
16,2,16,Methylophilus,"",bacteria,false,,,,,,,,,,,,,,,,0.18579869937194465,1,,,88.0,50.0,10^-17.5376,,,,,[1112274],0
1112274,1,16,Methylophilus sp. 5,"",bacteria,false,,,,,,,,,,,,,,,,0.18579869937194465,1,,,88.0,50.0,10^-17.5376,,,,,,0
-200,2,-200,all taxa with neither family nor genus classification,,,false,,,,0.7431947974877786,4,70,5742,98.013,137.5,10^-77.1768,,,,,,23.41063612086503,126,63,6073,85.5206,57.3231,10^-25.8975,,,,,"[2910147, 2900548, 2831996, 2482790, 2268192, 2201156, 2052146, 2026888, 2026780, 2026742, 2013075, 1982316, 1978760, 1978231, 1913988, 1898104, 1883427, 1879010, 1869227, 1848754, 1655569, 198431, 155900, 77133, -100]",0
2910147,1,-200,Vicinamibacterales bacterium,"",bacteria,false,,,,,,,,,,,,,,,,0.18579869937194465,1,,,85.7,49.0,10^-17.3969,,,,,,0
2900548,1,-200,Actinomycetota bacterium,"",bacteria,false,,,,,,,,,,,,,,,,2.229584392463336,12,,,88.4429,41.5714,10^-15.8877,,,,,,0
2831996,1,-200,Eubacteriales bacterium,"",bacteria,false,,,,,,,,,,,,,,,,0.18579869937194465,1,,,100.0,49.0,10^-24.214,,,,,,0
2482790,1,-200,Thermomicrobiales bacterium,"",bacteria,false,,,,,,,,,,,,,,,,0.18579869937194465,1,,,72.9,48.0,10^-13.6383,,,,,,0
2268192,1,-200,Chlorobiota bacterium,"",bacteria,false,,,,,,,,,,,,,,,,0.557396098115834,3,,,98.0,50.0,10^-22.1818,,,,,,0
2201156,1,-200,Acidimicrobiales bacterium,"",bacteria,false,,,,,,,,,,,,,,,,0.3715973987438893,2,,,90.0,30.0,10^-11.2321,,,,,,0
2052146,1,-200,Blastocatellia bacterium,"",bacteria,false,,,,,,,,,,,,,,,,0.18579869937194465,1,,,48.8,41.0,10^-4.0348,,,,,,0
2026888,1,-200,Thermoleophilia bacterium,"",bacteria,false,,,,,,,,,,,,,,,,0.3715973987438893,2,,,89.8,39.5,10^-14.3804,,,,,,0
2026780,1,-200,Planctomycetota bacterium,"",bacteria,false,,,,,,,,,,,,,,,,0.18579869937194465,1,,,95.6,45.0,10^-20.9393,,,,,,0
2026742,1,-200,Gemmatimonadota bacterium,"",bacteria,false,,,,,,,,,,,,,,,,0.557396098115834,3,,,63.35,42.0,10^-5.71999,,,,,,0
2013075,1,-200,Alphaproteobacteria bacterium MarineAlpha4_Bin2,"",bacteria,false,,,,,,,,,,,,,,,,0.18579869937194465,1,,,73.3,30.0,10^-5.42829,,,,,,0
1982316,1,-200,Opitutae bacterium AMD-G1,"",bacteria,false,,,,,,,,,,,,,,,,0.18579869937194465,1,,,100.0,39.0,10^-17.3565,,,,,,0
1978760,1,-200,Proteobacteria bacterium ST_bin12,"",bacteria,false,,,,,,,,,,,,,,,,0.18579869937194465,1,,,97.7,43.0,10^-18.51,,,,,,0
1978231,1,-200,Acidobacteriota bacterium,"",bacteria,false,,,,,,,,,,,,,,,,2.043785693091391,11,,,77.8857,38.8571,10^-10.735,,,,,,0
1913988,1,-200,Alphaproteobacteria bacterium,"",bacteria,false,,,,,,,,,,,,,,,,0.3715973987438893,2,,,89.0,26.5,10^-6.65122,,,,,,0
1898104,1,-200,Bacteroidota bacterium,"",bacteria,false,,,,,,,,,,,,,,,,0.18579869937194465,1,,,76.0,50.0,10^-17.8894,,,,,,0
1883427,1,-200,Actinomycetes bacterium,"",bacteria,false,,,,,,,,,,,,,,,,0.18579869937194465,1,,,100.0,50.0,10^-22.4522,,,,,,0
1879010,1,-200,Bacillota bacterium,"",bacteria,false,,,,,,,,,,,,,,,,0.18579869937194465,1,,,81.0,42.0,10^-12.4763,,,,,,0
1869227,1,-200,bacterium,"",bacteria,false,,,,,,,,,,,,,,,,0.18579869937194465,1,,,67.3,49.0,10^-12.7773,,,,,,0
1848754,1,-200,Actinobacteria bacterium IMCC19121,"",bacteria,false,,,,0.18579869937194465,1,,,96.026,151.0,10^-82.2804,,,,,,,,,,,,,,,,,,0
1655569,1,-200,Actinobacteria bacterium BACL2 MAG-120813-bin23,"",bacteria,false,,,,,,,,,,,,,,,,0.18579869937194465,1,,,100.0,49.0,10^-21.4921,,,,,,0
198431,1,-200,uncultured prokaryote,"",,false,,,,,,,,,,,,,,,,13.19170765540807,71,1,71,85.714,84.0,10^-44.9318,,,,,,0
155900,1,-200,uncultured organism,"",,false,,,,0.557396098115834,3,,,100.0,124.0,10^-72.0732,,,,,,,,,,,,,,,,,,0
77133,1,-200,uncultured bacterium,"",bacteria,false,,,,,,,,,,,,,,,,0.18579869937194465,1,,,76.9,39.0,10^-13.7282,,,,,,0
-100,1,-200,all taxa with neither family nor genus classification,,,false,,,,,,,,,,,,,,,,1.114792196231668,6,,,97.98,45.6,10^-21.8731,,,,,,0
-200000031,2,-200000031,non-genus-specific reads in family Myxococcaceae,,bacteria,false,,,,,,,,,,,,,,,,0.18579869937194465,1,,,85.7,28.0,10^-4.24185,,,,,[2484252],0
2484252,1,-200000031,Myxococcaceae bacterium,"",bacteria,false,,,,,,,,,,,,,,,,0.18579869937194465,1,,,85.7,28.0,10^-4.24185,,,,,,0
-200031957,2,-200031957,non-genus-specific reads in family Propionibacteriaceae,,bacteria,false,,,,,,,,,,,,,,,,0.18579869937194465,1,,,98.0,50.0,10^-25.2076,,,,,[2021380],0
2021380,1,-200031957,Propionibacteriaceae bacterium,"",bacteria,false,,,,,,,,,,,,,,,,0.18579869937194465,1,,,98.0,50.0,10^-25.2076,,,,,,0
-200045404,2,-200045404,non-genus-specific reads in family Beijerinckiaceae,,bacteria,false,,,,,,,,,,,,,,,,0.18579869937194465,1,,,73.5,49.0,10^-14.6925,,,,,[1978229],0
1978229,1,-200045404,Beijerinckiaceae bacterium,"",bacteria,false,,,,,,,,,,,,,,,,0.18579869937194465,1,,,73.5,49.0,10^-14.6925,,,,,,0
-200076892,2,-200076892,non-genus-specific reads in family Caulobacteraceae,,bacteria,false,,,,,,,,,,,,,,,,0.18579869937194465,1,,,97.6,41.0,10^-14.4559,,,,,[1978230],0
1978230,1,-200076892,Caulobacteraceae bacterium,"",bacteria,false,,,,,,,,,,,,,,,,0.18579869937194465,1,,,97.6,41.0,10^-14.4559,,,,,,0
-200083778,2,-200083778,non-genus-specific reads in family Kineosporiaceae,,bacteria,false,,,,0.18579869937194465,1,,,90.977,133.0,10^-61.75,,,,,,,,,,,,,,,,,[2730919],0
2730919,1,-200083778,Kineosporiaceae bacterium SCSIO 59966,"",bacteria,false,,,,0.18579869937194465,1,,,90.977,133.0,10^-61.75,,,,,,,,,,,,,,,,,,0
-200084997,2,-200084997,non-genus-specific reads in family Rubrobacteraceae,,bacteria,false,,,,,,,,,,,,,,,,0.18579869937194465,1,,,85.4,48.0,10^-14.6757,,,,,[349277],0
349277,1,-200084997,uncultured Rubrobacteraceae bacterium,"",bacteria,false,,,,,,,,,,,,,,,,0.18579869937194465,1,,,85.4,48.0,10^-14.6757,,,,,,0
-200085030,2,-200085030,non-genus-specific reads in family Geodermatophilaceae,,bacteria,false,,,,0.557396098115834,3,,,93.96,149.0,10^-76.7968,,,,,,,,,,,,,,,,,[2596920],0
2596920,1,-200085030,Geodermatophilaceae bacterium NBWT11,"",bacteria,false,,,,0.557396098115834,3,,,93.96,149.0,10^-76.7968,,,,,,,,,,,,,,,,,,0
-200119060,2,-200119060,non-genus-specific reads in family Burkholderiaceae,,bacteria,false,,,,0.18579869937194465,1,,,91.549,71.0,10^-27.7133,,,,,,,,,,,,,,,,,[2030806],0
2030806,1,-200119060,Burkholderiaceae bacterium,"",bacteria,false,,,,0.18579869937194465,1,,,91.549,71.0,10^-27.7133,,,,,,,,,,,,,,,,,,0
-200186803,2,-200186803,non-genus-specific reads in family Lachnospiraceae,,bacteria,false,,,,,,,,,,,,,,,,0.3715973987438893,2,,,85.3,34.0,10^-11.684,,,,,[1898203],0
1898203,1,-200186803,Lachnospiraceae bacterium,"",bacteria,false,,,,,,,,,,,,,,,,0.3715973987438893,2,,,85.3,34.0,10^-11.684,,,,,,0
-200219687,2,-200219687,non-genus-specific reads in family Gemmatimonadaceae,,bacteria,false,,,,,,,,,,,,,,,,0.9289934968597233,5,,,77.3667,43.6667,10^-14.9091,,,,,[2026741],0
2026741,1,-200219687,Gemmatimonadaceae bacterium,"",bacteria,false,,,,,,,,,,,,,,,,0.9289934968597233,5,,,77.3667,43.6667,10^-14.9091,,,,,,0
-200320796,2,-200320796,non-genus-specific reads in family Thermoleophilaceae,,bacteria,false,,,,,,,,,,,,,,,,0.18579869937194465,1,,,78.4,37.0,10^-5.41794,,,,,[2732252],0
2732252,1,-200320796,Thermoleophilaceae bacterium,"",bacteria,false,,,,,,,,,,,,,,,,0.18579869937194465,1,,,78.4,37.0,10^-5.41794,,,,,,0
-200475964,2,-200475964,non-genus-specific reads in family Caldilineaceae,,bacteria,false,,,,,,,,,,,,,,,,0.18579869937194465,1,,,62.1,29.0,10^-3.95078,,,,,[2614250],0
2614250,1,-200475964,Caldilineaceae bacterium,"",bacteria,false,,,,,,,,,,,,,,,,0.18579869937194465,1,,,62.1,29.0,10^-3.95078,,,,,,0
-200687329,2,-200687329,non-genus-specific reads in family Anelloviridae,,viruses,false,,,,1622.3942429158208,8732,,,93.5964,392.234,10^-132.629,,,,,,1603.6285742792543,8631,,,89.3335,153.09,10^-98.1984,,,,,"[2853118, 2828020, 2828017, 2778524, 2749447, 2055263, 2054609, 432261, 136966, 68887]",0
2853118,1,-200687329,Torque teno virus AZ1_2,"",viruses,false,,,,,,,,,,,,,,,,0.7431947974877786,4,,,96.0,50.0,10^-26.7628,,,,,,0
2828020,1,-200687329,Anelloviridae sp. ctUGs1,"",viruses,false,,,,,,,,,,,,,,,,0.18579869937194465,1,,,78.6,28.0,10^-3.89279,,,,,,0
2828017,1,-200687329,Anelloviridae sp. ctHLs5,"",viruses,false,,,,,,,,,,,,,,,,0.7431947974877786,4,,,100.0,50.0,10^-25.2233,,,,,,0
2778524,1,-200687329,Human anellovirus zj-ad 1,"",viruses,false,,,,,,,,,,,,,,,,0.7431947974877786,4,1,4,74.194,31.0,10^-10.0783,,,,,,0
2749447,1,-200687329,Anellovirus cyc/2019,"",viruses,false,,,,37.53133727313282,202,4,201,92.1223,235.28,10^-91.2327,,,,,,,,,,,,,,,,,,0
2055263,1,-200687329,Anelloviridae sp.,"",viruses,false,,,,277.0258607635695,1491,13,1208,93.2414,507.854,10^-191.943,,,,,,894.8065361752855,4816,17,3741,83.7658,131.009,10^-71.908,,,,,,0
2054609,1,-200687329,Opossum torque teno virus,"",viruses,false,,,,,,,,,,,,,,,,0.3715973987438893,2,,,95.9,49.0,10^-22.8939,,,,,,0
432261,1,-200687329,Torque teno midi virus,"",viruses,false,,,,1.672188294347502,9,,,96.3917,97.5,10^-50.6204,,,,,,0.557396098115834,3,,,83.35,34.5,10^-5.60233,,,,,,0
136966,1,-200687329,SEN virus,"",viruses,false,,,,0.18579869937194465,1,,,89.381,113.0,10^-48.0971,,,,,,0.18579869937194465,1,,,83.8,37.0,10^-10.1878,,,,,,0
68887,1,-200687329,Torque teno virus,"",viruses,false,,,,1305.979057885399,7029,53,4333,93.7142,372.823,10^-121.128,,,,,,705.2918628159019,3796,44,2257,93.5158,170.866,10^-118.73,,,,,,0
-202066434,2,-202066434,non-genus-specific reads in family Geminicoccaceae,,bacteria,false,,,,,,,,,,,,,,,,0.3715973987438893,2,,,100.0,50.0,10^-21.9208,,,,,[2448052],0
2448052,1,-202066434,Geminicoccaceae bacterium,"",bacteria,false,,,,,,,,,,,,,,,,0.3715973987438893,2,,,100.0,50.0,10^-21.9208,,,,,,0
-202682227,2,-202682227,non-genus-specific reads in family Tepidiformaceae,,bacteria,false,,,,0.18579869937194465,1,,,94.872,39.0,10^-11.5051,,,,,,,,,,,,,,,,,[3022862],0
3022862,1,-202682227,Tepidiformaceae bacterium,"",bacteria,false,,,,0.18579869937194465,1,,,94.872,39.0,10^-11.5051,,,,,,,,,,,,,,,,,,0
